Идентификационный номер (номер коробки-номер пластины),OBJECT,RA,DEC,DATE-OBS,EXPTIME,TIME-OBS (tзв-s),TIME-END,SIZE,TELESCOPE,OBSERVER,COMMENTS,,,,,,,,,,,,,,
5S-2.1,Star,23h00,-30.00,21-22.09.1987,10m,0h04,0h14,9x12,Большой Шмидт,Солодовников В.В.,,,,,,,,,,,,,,,
5S-3.1,Star,23h00,-24.00,21-22.09.1987,8m,0h16,0h24,9x12,Большой Шмидт,Солодовников В.В.,0. мелкие царапины,,,,,,,,,,,,,,
5S-2.2,Star,23h00,-20.00,21-22.09.1987,10m,0h30,0h40,9x12,Большой Шмидт,Солодовников В.В.,,,,,,,,,,,,,,,
5S-3.2,Star,23h00,-15.00,21-22.09.1987,10m,0h42,0h52,9x12,Большой Шмидт,Солодовников В.В.,0. пятна на пластинке,,,,,,,,,,,,,,
5S-2.3,Star,23h00,-10.00,21-22.09.1987,10.5m,0h54,1h4.5,9x12,Большой Шмидт,Солодовников В.В.,,,,,,,,,,,,,,,
5S-3.3,Star,23h00,-5.00,21-22.09.1987,10m,1h06,1h16,9x12,Большой Шмидт,Солодовников В.В.,0. пятна на пластинке,,,,,,,,,,,,,,
5S-2.4,Star,23h00,0.00,21-22.09.1987,10m,1h18,1h28,9x12,Большой Шмидт,Солодовников В.В.,,,,,,,,,,,,,,,
5S-3.4,Star,23h00,5.00,21-22.09.1987,10m,1h31,1h41,9x12,Большой Шмидт,Солодовников В.В.,,,,,,,,,,,,,,,
5S-2.5,Star,23h00,10.00,21-22.09.1987,10m,1h43,1h53,9x12,Большой Шмидт,Солодовников В.В.,,,,,,,,,,,,,,,
5S-3.5,Star,23h00,15.00,21-22.09.1987,10m,1h55,2h05,9x12,Большой Шмидт,Солодовников В.В.,,,,,,,,,,,,,,,
5S-2.6,Star,23h00,20.00,21-22.09.1987,11.5m,2h07,2h18.5,9x12,Большой Шмидт,Солодовников В.В.,0. царапины,,,,,,,,,,,,,,
5S-3.6,Star,23h00,25.00,21-22.09.1987,10m,2h16,2h26,9x12,Большой Шмидт,Солодовников В.В.,,,,,,,,,,,,,,,
5S-2.7,Star,23h00,30.00,21-22.09.1987,10m,2h28,2h38,9x12,Большой Шмидт,Солодовников В.В.,,,,,,,,,,,,,,,
5S-3.7,Star,23h00,35.00,21-22.09.1987,10m,2h40,2h50,9x12,Большой Шмидт,Солодовников В.В.,,,,,,,,,,,,,,,
5S-2.8,Star,23h00,40.00,21-22.09.1987,10m,2h52,3h02,9x12,Большой Шмидт,Солодовников В.В.,0. пятная на пластинке,,,,,,,,,,,,,,
5S-3.8,Star,23h00,45.00,21-22.09.1987,10m,3h03,3h13,9x12,Большой Шмидт,Солодовников В.В.,,,,,,,,,,,,,,,
5S-2.9,Star,23h00,50.00,21-22.09.1987,10.5m,3h13,3h23.5,9x12,Большой Шмидт,Солодовников В.В.,,,,,,,,,,,,,,,
5S-3.9,Star,23h00,55.00,21-22.09.1987,10m,3h29,3h39,9x12,Большой Шмидт,Солодовников В.В.,,,,,,,,,,,,,,,
5S-2.10,Star,23h00,60.00,21-22.09.1987,10m,3h40,3h50,9x12,Большой Шмидт,Солодовников В.В.,,,,,,,,,,,,,,,
6S-2.1,Star,22h30,-2.00,24-25.09.1987,10m,2h51,3h01,9x12,Большой Шмидт,Солодовников В.В.,,,,,,,,,,,,,,,
6S-3.1,Star,22h30,-2.00,24-25.09.1987,12m,3h05,3h17,9x12,Большой Шмидт,Солодовников В.В.,,,,,,,,,,,,,,,
6S-2.2,Star,21h30,-24.00,28-29.09.1987,10m,0h23,0h33,9x12,Большой Шмидт,Солодовников В.В.,,,,,,,,,,,,,,,
6S-3.2,Star,21h30,15.00,28-29.09.1987,10m,0h35,0h45,9x12,Большой Шмидт,Солодовников В.В.,0. царапина,,,,,,,,,,,,,,
6S-2.3,Star,21h39,45.00,28-29.09.1987,10m,0h49,0h59,9x12,Большой Шмидт,Солодовников В.В.,,,,,,,,,,,,,,,
6S-3.3,Star,22h00,29.00,28-29.09.1987,10m,1h02,1h12,9x12,Большой Шмидт,Солодовников В.В.,,,,,,,,,,,,,,,
6S-2.4,Star,0h00,-30.00,28-29.09.1987,11.5m,1h18,1h29.5,9x12,Большой Шмидт,Солодовников В.В.,,,,,,,,,,,,,,,
6S-3.4,Star,0h00,-25.00,28-29.09.1987,11m,1h31,1h42,9x12,Большой Шмидт,Солодовников В.В.,,,,,,,,,,,,,,,
6S-2.5,Star,0h00,-20.00,28-29.09.1987,10m,1h43,1h53,9x12,Большой Шмидт,Солодовников В.В.,,,,,,,,,,,,,,,
6S-3.5,Star,0h00,-15.00,28-29.09.1987,10m,1h55,2h05,9x12,Большой Шмидт,Солодовников В.В.,,,,,,,,,,,,,,,
6S-2.6,Star,0h00,-10.00,28-29.09.1987,9m,2h06,2h15,9x12,Большой Шмидт,Солодовников В.В.,0. разводы,,,,,,,,,,,,,,
6S-3.6,Star,0h00,-5.00,28-29.09.1987,9m,2h17,2h26,9x12,Большой Шмидт,Солодовников В.В.,,,,,,,,,,,,,,,
6S-2.7,Star,0h00,0.00,28-29.09.1987,10m,2h27,2h37,9x12,Большой Шмидт,Солодовников В.В.,,,,,,,,,,,,,,,
6S-3.7,Star,0h00,5.00,28-29.09.1987,10m,2h40,2h50,9x12,Большой Шмидт,Солодовников В.В.,,,,,,,,,,,,,,,
6S-2.8,Star,0h00,10.00,28-29.09.1987,10m,2h51,3h01,9x12,Большой Шмидт,Солодовников В.В.,,,,,,,,,,,,,,,
6S-3.8,Star,0h00,15.00,28-29.09.1987,10m,3h02,3h12,9x12,Большой Шмидт,Солодовников В.В.,,,,,,,,,,,,,,,
6S-2.9,Star,0h00,20.00,28-29.09.1987,9m,3h13,3h22,9x12,Большой Шмидт,Солодовников В.В.,,,,,,,,,,,,,,,
6S-3.9,Star,0h00,25.00,28-29.09.1987,10.5m,3h23,3h33.5,9x12,Большой Шмидт,Солодовников В.В.,,,,,,,,,,,,,,,
6S-2.10,Star,0h00,30.00,28-29.09.1987,10m,3h35,3h45,9x12,Большой Шмидт,Солодовников В.В.,,,,,,,,,,,,,,,
6S-3.10,Star,0h00,35.00,28-29.09.1987,10m,3h47,3h57,9x12,Большой Шмидт,Солодовников В.В.,,,,,,,,,,,,,,,
6S-2.11,Star,0h00,40.00,28-29.09.1987,10m,3h59,4h09,9x12,Большой Шмидт,Солодовников В.В.,,,,,,,,,,,,,,,
6S-3.11,Star,0h00,45.00,28-29.09.1987,10m,4h10,4h20,9x12,Большой Шмидт,Солодовников В.В.,,,,,,,,,,,,,,,
6S-2.12,Star,0h00,50.00,28-29.09.1987,10m,4h21,4h31,9x12,Большой Шмидт,Солодовников В.В.,,,,,,,,,,,,,,,
6S-3.12,Star,0h00,55.00,28-29.09.1987,11m,4h33,4h44,9x12,Большой Шмидт,Солодовников В.В.,,,,,,,,,,,,,,,
6S-2.13,Star,0h00,60.00,28-29.09.1987,10m,4h45,4h55,9x12,Большой Шмидт,Солодовников В.В.,,,,,,,,,,,,,,,
6S-3.13,Star,0h00,65.00,28-29.09.1987,9m,4h55,5h04,9x12,Большой Шмидт,Солодовников В.В.,,,,,,,,,,,,,,,
6S-2.14,Star,0h00,70.00,28-29.09.1987,9m,5h06,5h15,9x12,Большой Шмидт,Солодовников В.В.,,,,,,,,,,,,,,,
6S-3.14,Star,0h00,75.00,28-29.09.1987,10m,5h17,5h27,9x12,Большой Шмидт,Солодовников В.В.,,,,,,,,,,,,,,,
6S-2.15,Star,0h00,80.00,28-29.09.1987,10m,5h24,5h34,9x12,Большой Шмидт,Солодовников В.В.,,,,,,,,,,,,,,,
6S-3.15,Star,0h00,85.00,28-29.09.1987,9m,5h40,5h49,9x12,Большой Шмидт,Солодовников В.В.,,,,,,,,,,,,,,,
6S-2.16,Star,0h00,90.00,28-29.09.1987,10m,5h52,6h02,9x12,Большой Шмидт,Солодовников В.В.,,,,,,,,,,,,,,,
6S-3.16,Star,12h00,85.00,28-29.09.1987,10m,6h09,6h19,9x12,Большой Шмидт,Солодовников В.В.,,,,,,,,,,,,,,,
7S-2.1,Star,7h08,-25.00,24-25.01.1987,10m,21h23,21h33,9x12,Большой Шмидт,Солодовников В.В.,,,,,,,,,,,,,,,
7S-3.1,Star,7h04,-15.00,24-25.01.1987,10m,21h37,21h47,9x12,Большой Шмидт,Солодовников В.В.,,,,,,,,,,,,,,,
7S-2.2,Star,7h04,-5.00,24-25.01.1987,10m,21h50,22h00,9x12,Большой Шмидт,Солодовников В.В.,,,,,,,,,,,,,,,
7S-3.2,Star,7h04,-5.00,24-25.01.1987,10m,22h03,22h13,9x12,Большой Шмидт,Солодовников В.В.,,,,,,,,,,,,,,,
7S-2.3,Star,7h04,-11.45,24-25.01.1987,15m,22h19,22h34,9x12,Большой Шмидт,Солодовников В.В.,,,,,,,,,,,,,,,
7S-3.3,Star,7h04,5.00,24-25.01.1987,15m,22h43,22h58,9x12,Большой Шмидт,Солодовников В.В.,,,,,,,,,,,,,,,
7S-2.4,Star,6h56,17.00,24-25.01.1987,10m,23h00,23h10,9x12,Большой Шмидт,Солодовников В.В.,,,,,,,,,,,,,,,
7S-3.4,Star,6h56,17.00,24-25.01.1987,10m,23h12,23h22,9x12,Большой Шмидт,Солодовников В.В.,0. сколы,,,,,,,,,,,,,,
7S-2.5,Star,7h30,-25.00,24-25.01.1987,10m,23h29,23h39,9x12,Большой Шмидт,Солодовников В.В.,,,,,,,,,,,,,,,
7S-3.5,Star,7h30,-20.00,24-25.01.1987,10m,23h41,23h51,9x12,Большой Шмидт,Солодовников В.В.,,,,,,,,,,,,,,,
7S-2.6,Star,7h30,-15.00,24-25.01.1987,10m,23h53,0h03,9x12,Большой Шмидт,Солодовников В.В.,0. разводы,,,,,,,,,,,,,,
7S-3.6,Star,7h30,-10.00,24-25.01.1987,12m,0h06,0h18,9x12,Большой Шмидт,Солодовников В.В.,,,,,,,,,,,,,,,
7S-2.7,Star,7h30,-5.00,24-25.01.1987,10m,0h19,0h29,9x12,Большой Шмидт,Солодовников В.В.,,,,,,,,,,,,,,,
7S-3.7,Star,7h30,0.00,24-25.01.1987,10m,0h31,0h41,9x12,Большой Шмидт,Солодовников В.В.,,,,,,,,,,,,,,,
7S-2.8,Star,7h30,5.00,24-25.01.1987,10m,0h42,0h52,9x12,Большой Шмидт,Солодовников В.В.,,,,,,,,,,,,,,,
7S-3.8,Star,7h30,10.00,24-25.01.1987,10m,0h54,1h04,9x12,Большой Шмидт,Солодовников В.В.,,,,,,,,,,,,,,,
7S-2.9,Star,7h30,18.00,24-25.01.1987,10m,1h07,1h17,9x12,Большой Шмидт,Солодовников В.В.,0. царапины,,,,,,,,,,,,,,
7S-3.9,Star,7h30,20.00,24-25.01.1987,10m,1h20,1h30,9x12,Большой Шмидт,Солодовников В.В.,,,,,,,,,,,,,,,
7S-2.10,Star,7h30,15.00,24-25.01.1987,10m,1h55,2h05,9x12,Большой Шмидт,Солодовников В.В.,,,,,,,,,,,,,,,
7S-3.10,Star,7h30,20.00,24-25.01.1987,10m,2h05,2h15,9x12,Большой Шмидт,Солодовников В.В.,,,,,,,,,,,,,,,
7S-2.11,Star,7h30,35.00,24-25.01.1987,10m,2h16,2h26,9x12,Большой Шмидт,Солодовников В.В.,0. сколы,,,,,,,,,,,,,,
7S-3.11,Star,7h30,40.00,24-25.01.1987,10m,2h28,2h38,9x12,Большой Шмидт,Солодовников В.В.,,,,,,,,,,,,,,,
7S-2.12,Star,7h30,45.00,24-25.01.1987,10m,2h41,2h51,9x12,Большой Шмидт,Солодовников В.В.,,,,,,,,,,,,,,,
8S-2.1,Star,8h00,-25.00,29-30.01.1987,10m,22h45,22h55,9x12,Большой Шмидт,Солодовников В.В.,,,,,,,,,,,,,,,
8S-3.1,Star,8h00,-20.00,29-30.01.1987,10m,22h57,23h07,9x12,Большой Шмидт,Солодовников В.В.,,,,,,,,,,,,,,,
8S-2.2,Star,8h00,-15.00,29-30.01.1987,10m,23h09,23h19,9x12,Большой Шмидт,Солодовников В.В.,,,,,,,,,,,,,,,
8S-3.2,Star,8h00,-10.00,29-30.01.1987,10m,23h21,23h31,9x12,Большой Шмидт,Солодовников В.В.,,,,,,,,,,,,,,,
8S-2.3,Star,8h00,-5.00,29-30.01.1987,10m,23h33,23h43,9x12,Большой Шмидт,Солодовников В.В.,,,,,,,,,,,,,,,
8S-3.3,Star,8h00,0.00,29-30.01.1987,10m,23h45,23h55,9x12,Большой Шмидт,Солодовников В.В.,,,,,,,,,,,,,,,
8S-2.4,Star,8h00,5.00,29-30.01.1987,10m,23h57,0h07,9x12,Большой Шмидт,Солодовников В.В.,,,,,,,,,,,,,,,
8S-3.4,Star,8h00,10.00,29-30.01.1987,10m,0h09,0h19,9x12,Большой Шмидт,Солодовников В.В.,,,,,,,,,,,,,,,
8S-2.5,Star,8h00,15.00,29-30.01.1987,10m,0h21,0h31,9x12,Большой Шмидт,Солодовников В.В.,,,,,,,,,,,,,,,
8S-3.5,Star,8h00,20.00,29-30.01.1987,10m,0h33,0h43,9x12,Большой Шмидт,Солодовников В.В.,,,,,,,,,,,,,,,
8S-2.6,Star,8h00,25.00,29-30.01.1987,10m,0h49,0h59,9x12,Большой Шмидт,Солодовников В.В.,,,,,,,,,,,,,,,
8S-3.6,Star,8h00,30.00,29-30.01.1987,10m,1h05,1h15,9x12,Большой Шмидт,Солодовников В.В.,,,,,,,,,,,,,,,
8S-2.7,Star,8h00,35.00,29-30.01.1987,10m,1h18,1h28,9x12,Большой Шмидт,Солодовников В.В.,,,,,,,,,,,,,,,
8S-3.7,Star,8h00,40.00,29-30.01.1987,10m,1h30,1h40,9x12,Большой Шмидт,Солодовников В.В.,,,,,,,,,,,,,,,
8S-2.1,Star,8h00,-20.00,30-31.01.1987,10m,0h50,1h00,9x12,Большой Шмидт,Солодовников В.В.,0.завсветка,8h (+2grad),,,,,,,,,,,,,
8S-3.1,Star,8h00,0.00,30-31.01.1987,10m,1h11,1h21,9x12,Большой Шмидт,Солодовников В.В.,0.завсветка,8h (+3grad),,,,,,,,,,,,,
8S-2.2,Star,8h00,5.00,30-31.01.1987,10m,1h25,1h35,9x12,Большой Шмидт,Солодовников В.В.,,8h (+1grad),,,,,,,,,,,,,
8S-3.2,Star,8h00,10.00,30-31.01.1987,10m,1h38,1h48,9x12,Большой Шмидт,Солодовников В.В.,,,,,,,,,,,,,,,
8S-2.3,Star,8h00,10.00,30-31.01.1987,10m,1h50,2h00,9x12,Большой Шмидт,Солодовников В.В.,,8h (+1grad),,,,,,,,,,,,,
8S-3.3,Star,8h00,14.00,30-31.01.1987,10m,2h00,2h10,9x12,Большой Шмидт,Солодовников В.В.,,8h (+1grad),,,,,,,,,,,,,
8S-2.4,Star,8h00,21.00,30-31.01.1987,10m,2h13,2h23,9x12,Большой Шмидт,Солодовников В.В.,0.завсветка,8h (+1grad),,,,,,,,,,,,,
8S-3.4,Star,8h00,25.00,30-31.01.1987,10m,2h25,2h35,9x12,Большой Шмидт,Солодовников В.В.,,8h (+1grad),,,,,,,,,,,,,
8S-2.5,Star,8h00,30.00,30-31.01.1987,10m,2h39,2h49,9x12,Большой Шмидт,Солодовников В.В.,,8h (-2grad),,,,,,,,,,,,,
8S-3.5,Star,8h00,35.00,30-31.01.1987,10m,2h51,3h01,9x12,Большой Шмидт,Солодовников В.В.,,8h (-2grad),,,,,,,,,,,,,
8S-2.6,Star,8h00,38.00,30-31.01.1987,10m,3h05,3h15,9x12,Большой Шмидт,Солодовников В.В.,0. пятна на пластинке,8h00,,,,,,,,,,,,,
8S-3.6,Star,7h30,38.00,30-31.01.1987,10m,3h17,3h27,9x12,Большой Шмидт,Солодовников В.В.,,7h30,,,,,,,,,,,,,
8S-2.7,Star,7h00,38.00,30-31.01.1987,10m,3h29,3h39,9x12,Большой Шмидт,Солодовников В.В.,,7h00,,,,,,,,,,,,,
9S-2.2,Star,21h30,-24.00,29-30.09.1987,15m,0h13,0h28,9x12,Большой Шмидт,Солодовников В.В.,0. передержано,21h30,,,,,,,,,,,,,
9S-3.2,Star,0h00,-30.00,29-30.09.1987,10m,0h40,0h50,9x12,Большой Шмидт,Солодовников В.В.,0. пятна на пластинке,0h00,,,,,,,,,,,,,
9S-2.3,Star,0h00,-27.00,29-30.09.1987,10m,0h52,1h02,9x12,Большой Шмидт,Солодовников В.В.,,0h (-3grad),,,,,,,,,,,,,
9S-3.3,Star,0h00,-13.00,29-30.09.1987,10m,1h05,1h15,9x12,Большой Шмидт,Солодовников В.В.,,0h (-3grad),,,,,,,,,,,,,
9S-2.4,Star,0h00,-20.00,29-30.09.1987,10m,1h42,1h52,9x12,Большой Шмидт,Солодовников В.В.,0. царапины,0h (-2grad),,,,,,,,,,,,,
9S-3.4,Star,0h00,-14.00,29-30.09.1987,10m,1h55,2h05,9x12,Большой Шмидт,Солодовников В.В.,,0h00,,,,,,,,,,,,,
9S-2.5,Star,0h00,-20.00,29-30.09.1987,10m,2h05,2h15,9x12,Большой Шмидт,Солодовников В.В.,0. царапины,0h00,,,,,,,,,,,,,
9S-3.5,Star,0h00,5.00,29-30.09.1987,10m,2h19,2h29,9x12,Большой Шмидт,Солодовников В.В.,0. царапины,0h00,,,,,,,,,,,,,
9S-2.6,Star,0h00,9.00,29-30.09.1987,10m,2h32,2h42,9x12,Большой Шмидт,Солодовников В.В.,,0h (-1grad),,,,,,,,,,,,,
9S-3.6,Star,0h00,9.00,29-30.09.1987,10m,2h46,2h56,9x12,Большой Шмидт,Солодовников В.В.,,0h (+3grad),,,,,,,,,,,,,
9S-2.7,Star,0h00,81.00,29-30.09.1987,10m,3h02,3h12,9x12,Большой Шмидт,Солодовников В.В.,,0h (-5grad),,,,,,,,,,,,,
9S-3.7,Star,0h00,83.00,29-30.09.1987,10m,3h15,3h25,9x12,Большой Шмидт,Солодовников В.В.,,0h (-5grad),,,,,,,,,,,,,
10S-2.1,Star(Pegasus),23h00,25.00,16-17.08.1986,8m,3h12,3h20,9x12,Большой Шмидт,Солодовников В.В.,,,,,,,,,,,,,,,
10S-3.1,Star(Pegasus),23h00,20.00,16-17.08.1986,8m,3h24,3h32,9x12,Большой Шмидт,Солодовников В.В.,,,,,,,,,,,,,,,
10S-2.2,Star(alf Peg),23h00,15.00,16-17.08.1986,8m,3h42,3h50,9x12,Большой Шмидт,Солодовников В.В.,,,,,,,,,,,,,,,
10S-3.2,Star,23h00,10.00,16-17.08.1986,8m,3h54,4h02,9x12,Большой Шмидт,Солодовников В.В.,,,,,,,,,,,,,,,
10S-2.3,Star,23h00,3.00,16-17.08.1986,8m,4h08,4h16,9x12,Большой Шмидт,Солодовников В.В.,,,,,,,,,,,,,,,
10S-3.3,Star,23h00,0.00,16-17.08.1986,8m,4h20,4h28,9x12,Большой Шмидт,Солодовников В.В.,,,,,,,,,,,,,,,
10S-2.4,Star,23h00,-5.00,16-17.08.1986,8m,4h31,4h39,9x12,Большой Шмидт,Солодовников В.В.,0. пятна на пластинке,,,,,,,,,,,,,,
10S-3.4,Star,23h00,-9.00,16-17.08.1986,8m,4h43,4h51,9x12,Большой Шмидт,Солодовников В.В.,,,,,,,,,,,,,,,
10S-2.5,Star,23h00,-15.00,16-17.08.1986,8m,4h55,5h03,9x12,Большой Шмидт,Солодовников В.В.,,,,,,,,,,,,,,,
10S-3.5,Star,23h00,-21.00,16-17.08.1986,8m,5h06,5h14,9x12,Большой Шмидт,Солодовников В.В.,,,,,,,,,,,,,,,
10S-2.3,Star(Cet),0h40,-3.00,15-16.08.1986,10m,2h32,2h42,9x12,Большой Шмидт,Солодовников В.В.,,,,,,,,,,,,,,,
10S-3.3,Star(Cet/NGC15),0h40,-8.00,15-16.08.1986,10m,2h46,2h56,9x12,Большой Шмидт,Солодовников В.В.,,,,,,,,,,,,,,,
10S-2.4,Star(Cet/NGC246),0h40,-13.00,15-16.08.1986,10m,3h02,3h12,9x12,Большой Шмидт,Солодовников В.В.,,,,,,,,,,,,,,,
10S-3.4,Star(bet Cet),0h41,-18.00,15-16.08.1986,10m,3h17,3h27,9x12,Большой Шмидт,Солодовников В.В.,,,,,,,,,,,,,,,
10S-2.5,Star(Cet/NGC253/NGC247),0h40,-23.00,15-16.08.1986,10m,3h32,3h42,9x12,Большой Шмидт,Солодовников В.В.,,,,,,,,,,,,,,,
10S-3.5,Star(Cet/NGC253/NGC288),0h40,-26.00,15-16.08.1986,10m,3h47,3h57,9x12,Большой Шмидт,Солодовников В.В.,,,,,,,,,,,,,,,
10S-2.6,Star(Cet),1h25,-8.00,15-16.08.1986,9m,4h03,4h12,9x12,Большой Шмидт,Солодовников В.В.,,,,,,,,,,,,,,,
10S-3.6,Star(Cet),1h25,-21.50,15-16.08.1986,9m,4h18,4h27,9x12,Большой Шмидт,Солодовников В.В.,0. завсветка,,,,,,,,,,,,,,
10S-2.7,Star(Cet),0h00,-17.00,15-16.08.1986,10m,4h32,4h42,9x12,Большой Шмидт,Солодовников В.В.,0. пятна на пластинке,,,,,,,,,,,,,,
10S-3.7,Star(Cet),0h00,-11.00,15-16.08.1986,10m,4h47,4h57,9x12,Большой Шмидт,Солодовников В.В.,,,,,,,,,,,,,,,
10S-2.8,Star(Cet),0h00,-6.00,15-16.08.1986,10m,5h01,5h11,9x12,Большой Шмидт,Солодовников В.В.,0. пятна на пластинке,,,,,,,,,,,,,,
10S-3.8,Star(Cet),0h00,-1.00,15-16.08.1986,10m,5h15,5h25,9x12,Большой Шмидт,Солодовников В.В.,,,,,,,,,,,,,,,
10S-2.9,Star(Pisces),0h00,3.00,15-16.08.1986,10m,5h30,5h40,9x12,Большой Шмидт,Солодовников В.В.,0. пятна на пластинке,,,,,,,,,,,,,,
10S-2.2,Star(delta Pisces),0h40,7.00,15-16.08.1986,10m,2h07,2h17,9x12,Большой Шмидт,Солодовников В.В.,,,,,,,,,,,,,,,
10S-3.2,Star(Cet),0h40,3.00,15-16.08.1986,10m,2h17,2h27,9x12,Большой Шмидт,Солодовников В.В.,,,,,,,,,,,,,,,
10S-3.2,Trifid,18h00,-23.00,04-05.07.1986,10m,,,9x12,Большой Шмидт,Солодовников В.В.,,,,,,,,,,,,,,,
10S-2.1-sky,zet Aqr,22h30,0.00,14-15.08.1986,11m,2h48,2h59,9x12,Большой Шмидт,Солодовников В.В.,,,,,,,,,,,,,,,
10S-3.1-sky,iot Aqr,22h05,-14.50,14-15.08.1986,10m,3h25,3h35,9x12,Большой Шмидт,Солодовников В.В.,,,,,,,,,,,,,,,
10S-2.2-sky,del Cet,2h40,0.50,14-15.08.1986,10m,3h37,3h47,9x12,Большой Шмидт,Солодовников В.В.,,,,,,,,,,,,,,,
10S-3.2-sky,del Cet,2h40,3.00,14-15.08.1986,10m,3h41,3h51,9x12,Большой Шмидт,Солодовников В.В.,,,,,,,,,,,,,,,
10S-2.4-sky,del Cet,2h40,-13.00,14-15.08.1986,10m,4h27,4h37,9x12,Большой Шмидт,Солодовников В.В.,,,,,,,,,,,,,,,
10S-cal,Calibrovka,,,14-15.08.1986,,,,9x12,Большой Шмидт,Солодовников В.В.,,,,,,,,,,,,,,,
10S-cal,Calibrovka,,,04-05.07.1986,,,,9x12,Большой Шмидт,Солодовников В.В.,,,,,,,,,,,,,,,
10S-2.4,M16,18h15,-13.80,04-05.07.1986,10m,,,9x12,Большой Шмидт,Солодовников В.В.,,,,,,,,,,,,,,,
10S-3.1,omega M17,18 17 53,-16 11 42,04-05.07.1986,10m,,,9x12,Большой Шмидт,Солодовников В.В.,,,,,,,,,,,,,,,
10S-3.4,STAR(Aqr),,,04-05.07.1986,10m,,,9x12,Большой Шмидт,Солодовников В.В.,,,,,,,,,,,,,,,
10S-2.1,eps Del,20 30 49,11 07 56,04-05.07.1986,10m,,,9x12,Большой Шмидт,Солодовников В.В.,,,,,,,,,,,,,,,
25S-2.1,Star,13h00,10.00,29-30.05.1982,10m,0h12,0h22,9x12,Большой Шмидт,Солодовников В.В.,,,,,,,,,,,,,,,
25S-3.1,Star,13h00,15.00,29-30.05.1982,10.5m,0h24,0h34.5,9x12,Большой Шмидт,Солодовников В.В.,,,,,,,,,,,,,,,
25S-2.2,Star,13h00,20.00,29-30.05.1982,10m,0h36,0h46,9x12,Большой Шмидт,Солодовников В.В.,,,,,,,,,,,,,,,
25S-3.2,Star,13h00,10.00,29-30.05.1982,9m,0h47,0h56,9x12,Большой Шмидт,Солодовников В.В.,,,,,,,,,,,,,,,
25S-2.3,Star,13h30,15.00,29-30.05.1982,10m,0h58,1h08,9x12,Большой Шмидт,Солодовников В.В.,,,,,,,,,,,,,,,
25S-3.3,Star,13h30,20.00,29-30.05.1982,10m,1h10,1h20,9x12,Большой Шмидт,Солодовников В.В.,,,,,,,,,,,,,,,
25S-2.4,Star,14h00,5.00,29-30.05.1982,10m,1h23,1h33,9x12,Большой Шмидт,Солодовников В.В.,,,,,,,,,,,,,,,
25S-3.4,Star,14h00,10.00,29-30.05.1982,11m,1h35,1h46,9x12,Большой Шмидт,Солодовников В.В.,,,,,,,,,,,,,,,
25S-2.5,Star,14h00,15.00,29-30.05.1982,7m,1h47,1h54,9x12,Большой Шмидт,Солодовников В.В.,,,,,,,,,,,,,,,
25S-3.5,Star,14h00,20.00,29-30.05.1982,9.5m,1h57,2h06.5,9x12,Большой Шмидт,Солодовников В.В.,,,,,,,,,,,,,,,
26S-2.1,Bradfield (C/2004 T4),,,17-18.12.1987,15m,19h40,19h55,9x12,Большой Шмидт,Солодовников В.В.,,,,,,,,,,,,,,,
26S-3.1,Bradfield (C/2004 T4),,,17-18.12.1987,15m,19h57,20h12,9x12,Большой Шмидт,Солодовников В.В.,0. брак,,,,,,,,,,,,,,
26S-2.2,Bradfield (C/2004 T4),,,17-18.12.1987,15m,20h15,20h30,9x12,Большой Шмидт,Солодовников В.В.,,,,,,,,,,,,,,,
26S-2.3,Bradfield (C/2004 T4),,,17-18.12.1987,40m,21h47,22h27,9x12,Большой Шмидт,Солодовников В.В.,,,,,,,,,,,,,,,
26S-3.2,Borrelly / 19P,,,17-18.12.1987,15m,1h49,2h04,9x12,Большой Шмидт,Солодовников В.В.,,,,,,,,,,,,,,,
26S-2.4,Borrelly / 19P,,,17-18.12.1987,40m,1h02,1h42,9x12,Большой Шмидт,Солодовников В.В.,,,,,,,,,,,,,,,
26S-1-st,Star(Del),,,17-18.12.1987,15m,19h18,19h33,9x12,Большой Шмидт,Солодовников В.В.,,,,,,,,,,,,,,,
26S-2-st,Star(Del),,,17-18.12.1987,40m,20h57,21h37,9x12,Большой Шмидт,Солодовников В.В.,,,,,,,,,,,,,,,
26S-1-cal,Calibrovka,,,17-18.12.1987,,,,9x12,Большой Шмидт,Солодовников В.В.,,,,,,,,,,,,,,,
26S-2-cal,Calibrovka,,,17-18.12.1987,,,,9x12,Большой Шмидт,Солодовников В.В.,,,,,,,,,,,,,,,
27S-1-st,Pleiades(M45),03 43 25,23 57 36,23-24.12.1987,15m,1h35,1h50,9x12,Большой Шмидт,Солодовников В.В.,,,,,,,,,,,,,,,
27S-2.1,Bradfield (C/2004 T4),,,23-24.12.1987,15m,21h21,21h36,9x12,Большой Шмидт,Солодовников В.В.,0.засвет по центру,,,,,,,,,,,,,,
27S-3.1,Bradfield (C/2004 T4),,,23-24.12.1987,15m,21h38,21h53,9x12,Большой Шмидт,Солодовников В.В.,0. царапина,,,,,,,,,,,,,,
27S-2.2,Bradfield (C/2004 T4),,,23-24.12.1987,15m,21h55,22h10,9x12,Большой Шмидт,Солодовников В.В.,,,,,,,,,,,,,,,
27S-3.2,Borrelly / 19P,,,23-24.12.1987,15m,0h55,1h10,9x12,Большой Шмидт,Солодовников В.В.,,,,,,,,,,,,,,,
27S-2.3,Borrelly / 19P,,,23-24.12.1987,15m,1h13,1h28,9x12,Большой Шмидт,Солодовников В.В.,,,,,,,,,,,,,,,
27S-2.4,Star(Aur),5h30,32.00,23-24.12.1987,11m,2h21,2h32,9x12,Большой Шмидт,Солодовников В.В.,,,,,,,,,,,,,,,
27S-1-cal,Calibrovka,,,23-24.12.1987,,,,9x12,Большой Шмидт,Солодовников В.В.,,,,,,,,,,,,,,,
28S-2.1,Bradfield (C/2004 T4),,,9-10.12.1987,15m,20h43,20h58,9x12,Большой Шмидт,Солодовников В.В.,,,,,,,,,,,,,,,
28S-3.1,Bradfield (C/2004 T4),,,9-10.12.1987,9m,20h58,21h07,9x12,Большой Шмидт,Солодовников В.В.,,,,,,,,,,,,,,,
28S-1-st,Star(Del),,,12-13.12.1987,15m,20h33,20h48,9x12,Большой Шмидт,Солодовников В.В.,,,,,,,,,,,,,,,
28S-2-st,Star(Del),,,12-13.12.1987,20m,22h09,22h29,9x12,Большой Шмидт,Солодовников В.В.,,,,,,,,,,,,,,,
28S-2.1,Bradfield (C/2004 T4),,,12-13.12.1987,15m,19h15,19h30,9x12,Большой Шмидт,Солодовников В.В.,,,,,,,,,,,,,,,
28S-2.2,Bradfield (C/2004 T4),,,12-13.12.1987,15m,19h51,20h06,9x12,Большой Шмидт,Солодовников В.В.,,,,,,,,,,,,,,,
28S-2.3,Bradfield (C/2004 T4),,,12-13.12.1987,20m,21h26,21h46,9x12,Большой Шмидт,Солодовников В.В.,,,,,,,,,,,,,,,
28S-3.3,Bradfield (C/2004 T4),,,12-13.12.1987,38m,22h41,23h19,9x12,Большой Шмидт,Солодовников В.В.,,,,,,,,,,,,,,,
28S-2.4,Bradfield (C/2004 T4),,,12-13.12.1987,20m,23h33,23h53,9x12,Большой Шмидт,Солодовников В.В.,,,,,,,,,,,,,,,
28S-3.1,Bradfield (C/2004 T4),,,13-14.12.1987,15m,20h30,20h45,9x12,Большой Шмидт,Солодовников В.В.,,,,,,,,,,,,,,,
28S-2.1,Bradfield (C/2004 T4),,,13-14.12.1987,15m,20h48,21h03,9x12,Большой Шмидт,Солодовников В.В.,,,,,,,,,,,,,,,
28S-2.2,Bradfield (C/2004 T4),,,13-14.12.1987,12m,21h28,21h40,9x12,Большой Шмидт,Солодовников В.В.,0. пятная на пластинке,,,,,,,,,,,,,,
28S-1-st,Star(Del),,,13-14.12.1987,15m,21h08,21h23,9x12,Большой Шмидт,Солодовников В.В.,,,,,,,,,,,,,,,
28S-1-cal,Calibrovka,,,13-14.12.1987,,,,9x12,Большой Шмидт,Солодовников В.В.,,,,,,,,,,,,,,,
28S-2-cal,Calibrovka,,,13-14.12.1987,,,,9x12,Большой Шмидт,Солодовников В.В.,,,,,,,,,,,,,,,
28S-3-cal,Calibrovka,,,13-14.12.1987,,,,9x12,Большой Шмидт,Солодовников В.В.,,,,,,,,,,,,,,,
29S-2.2,galaxy(UMa),10h00,70.00,04-05.09.1986,,0h14,,9x12,Большой Шмидт,Солодовников В.В.,0. передержан,,,,,,,,,,,,,,
29S-3.2,Star(Cap),20h00,-20.00,04-05.09.1986,,0h42,,9x12,Большой Шмидт,Солодовников В.В.,,,,,,,,,,,,,,,
29S-2.3,Star(Cap),20h00,-15.00,04-05.09.1986,10m,0h57,1h07,9x12,Большой Шмидт,Солодовников В.В.,,,,,,,,,,,,,,,
29S-3.3,Star(Cap),20h00,-10.00,04-05.09.1986,10m,1h10,1h20,9x12,Большой Шмидт,Солодовников В.В.,,,,,,,,,,,,,,,
29S-2.4,Star(Cap),20h00,-5.00,04-05.09.1986,16m,1h20,1h36,9x12,Большой Шмидт,Солодовников В.В.,,,,,,,,,,,,,,,
29S-3.4,Star(Cap),20h00,0.00,04-05.09.1986,10m,1h36,1h46,9x12,Большой Шмидт,Солодовников В.В.,,,,,,,,,,,,,,,
29S-2.5,Star(Aql),20h00,5.00,04-05.09.1986,10m,1h50,2h00,9x12,Большой Шмидт,Солодовников В.В.,,,,,,,,,,,,,,,
29S-2.1,Star(UMa),10h30,65.00,06-07.09.1986,,22h57,,9x12,Большой Шмидт,Солодовников В.В.,,,,,,,,,,,,,,,
29S-2.3,Star(UMa),10h30,-90.00,06-07.09.1986,,23h52,,9x12,Большой Шмидт,Солодовников В.В.,0. разводы,,,,,,,,,,,,,,
29S-2.2,Star(UMa),10h30,60.00,06-07.09.1986,10m,23h25,23h35,9x12,Большой Шмидт,Солодовников В.В.,,,,,,,,,,,,,,,
29S-2.4,Star(UMa),10h30,80.00,06-07.09.1986,10m,0h17,0h27,9x12,Большой Шмидт,Солодовников В.В.,,,,,,,,,,,,,,,
29S-3.2,Star(UMa),11h00,60.00,06-07.09.1986,,22h11,,9x12,Большой Шмидт,Солодовников В.В.,,,,,,,,,,,,,,,
29S-3.3,Star(UMa),10h30,65.00,06-07.09.1986,,23h38,,9x12,Большой Шмидт,Солодовников В.В.,,,,,,,,,,,,,,,
29S-3.4,Star(UMa),10h30,24.03,06-07.09.1986,,,,9x12,Большой Шмидт,Солодовников В.В.,,,,,,,,,,,,,,,
29S-2.5,Star(UMa),10h30,70.00,06-07.09.1986,,0h41,,9x12,Большой Шмидт,Солодовников В.В.,,,,,,,,,,,,,,,
29S-3.5,Star(UMa),10h30,75.00,06-07.09.1986,,0h24,,9x12,Большой Шмидт,Солодовников В.В.,,,,,,,,,,,,,,,
29S-2.6,Star,20h00,0.00,06-07.09.1986,,0h59,,9x12,Большой Шмидт,Солодовников В.В.,,,,,,,,,,,,,,,
29S-3.6,Star,19h30,0.00,06-07.09.1986,,1h20,,9x12,Большой Шмидт,Солодовников В.В.,,,,,,,,,,,,,,,
29S-2.1,Star(UMa),10h30,55.00,07-08.09.1986,13m,0h09,0h22,9x12,Большой Шмидт,Солодовников В.В.,0.передержана,,,,,,,,,,,,,,
29S-3.1,Star(UMa),10h30,60.00,07-08.09.1986,10m,0h23,0h33,9x12,Большой Шмидт,Солодовников В.В.,,,,,,,,,,,,,,,
29S-2.2,Star(UMa),10h30,65.00,07-08.09.1986,10m,0h34,0h44,9x12,Большой Шмидт,Солодовников В.В.,,,,,,,,,,,,,,,
29S-3.2,Star(UMa),10h30,70.00,07-08.09.1986,10m,0h48,,9x12,Большой Шмидт,Солодовников В.В.,0. разводы,,,,,,,,,,,,,,
29S-2.3,Star(UMa),10h30,75.00,07-08.09.1986,10m,0h58,,9x12,Большой Шмидт,Солодовников В.В.,,,,,,,,,,,,,,,
29S-3.3,Star(UMa),10h30,80.00,07-08.09.1986,10m,1h09,,9x12,Большой Шмидт,Солодовников В.В.,,,,,,,,,,,,,,,
29S-2.4,Star(UMa),10h30,78.30,07-08.09.1986,10m,1h33,,9x12,Большой Шмидт,Солодовников В.В.,0. царапина,,,,,,,,,,,,,,
29S-3.4,Star(UMa),10h30,90.00,07-08.09.1986,10m,1h33,,9x12,Большой Шмидт,Солодовников В.В.,,,,,,,,,,,,,,,
29S-2.5,Star(UMa),11h30,90.00,07-08.09.1986,,1h45,,9x12,Большой Шмидт,Солодовников В.В.,,,,,,,,,,,,,,,
29S-3.5,Star(UMa),11h30,85.00,07-08.09.1986,,1h51,,9x12,Большой Шмидт,Солодовников В.В.,,,,,,,,,,,,,,,
29S-2.6,Star(UMa),11h30,80.00,07-08.09.1986,,2h11,,9x12,Большой Шмидт,Солодовников В.В.,,,,,,,,,,,,,,,
29S-3.6,Star(UMa),11h30,75.00,07-08.09.1986,,2h23,,9x12,Большой Шмидт,Солодовников В.В.,,,,,,,,,,,,,,,
29S-2.7,Star(UMa),11h30,70.00,07-08.09.1986,,2h23,,9x12,Большой Шмидт,Солодовников В.В.,,,,,,,,,,,,,,,
29S-3.7,Star(UMa),11h30,65.00,07-08.09.1986,,2h48,,9x12,Большой Шмидт,Солодовников В.В.,,,,,,,,,,,,,,,
29S-3.3,Star(gam Crv),,,12.04.1986,,,,9x12,Большой Шмидт,Солодовников В.В.,,,,,,,,,,,,,,,
29S-3.1,Star(alf Aur),,,12.04.1986,,,,9x12,Большой Шмидт,Солодовников В.В.,,,,,,,,,,,,,,,
29S-2.3,Star(del Crv),,,12.04.1986,,,,9x12,Большой Шмидт,Солодовников В.В.,,,,,,,,,,,,,,,
29S-3.2,Star(alf Wirg),,,12.04.1986,,,,9x12,Большой Шмидт,Солодовников В.В.,,,,,,,,,,,,,,,
29S-2.2,Star(Aqr),,,16-17.07.1986,,,,9x12,Большой Шмидт,Солодовников В.В.,,,,,,,,,,,,,,,
29S-3.2,Star(Aqr),,,16-17.07.1986,,,,9x12,Большой Шмидт,Солодовников В.В.,,,,,,,,,,,,,,,
29S-2.3,Star(Aqr),,,16-17.07.1986,,,,9x12,Большой Шмидт,Солодовников В.В.,,,,,,,,,,,,,,,
29S-3.3,Star(Aqr),,,16-17.07.1986,,,,9x12,Большой Шмидт,Солодовников В.В.,,,,,,,,,,,,,,,
29S-2.4,Star(Aqr),,,16-17.07.1986,,,,9x12,Большой Шмидт,Солодовников В.В.,,,,,,,,,,,,,,,
29S-3.4,Star(Aqr),,,16-17.07.1986,,,,9x12,Большой Шмидт,Солодовников В.В.,,,,,,,,,,,,,,,
30S-2.1,Star(UMa),10h00,70.00,05-06.09.1986,10m,23h02,,9x12,Большой Шмидт,Солодовников В.В.,,,,,,,,,,,,,,,
30S-3.2,Star(UMa),10h00,65.00,05-06.09.1986,10m,23h15,,9x12,Большой Шмидт,Солодовников В.В.,,,,,,,,,,,,,,,
30S-2.2,Star(UMa),10h30,65.00,05-06.09.1986,11m,23h27,,9x12,Большой Шмидт,Солодовников В.В.,,,,,,,,,,,,,,,
30S-3.3,Star(UMa),10h30,70.00,05-06.09.1986,10m,23h40,,9x12,Большой Шмидт,Солодовников В.В.,,,,,,,,,,,,,,,
30S-2.3,Star,9h30,70.00,05-06.09.1986,10m,23h53,,9x12,Большой Шмидт,Солодовников В.В.,,,,,,,,,,,,,,,
30S-3.4,Star,9h30,65.00,05-06.09.1986,10m,0h06,,9x12,Большой Шмидт,Солодовников В.В.,,,,,,,,,,,,,,,
30S-2.4,Star(Cap),20h00,-25.00,05-06.09.1986,10m,0h22,,9x12,Большой Шмидт,Солодовников В.В.,,,,,,,,,,,,,,,
30S-3.5,Star(Cap),20h00,-15.00,05-06.09.1986,10m,0h34,,9x12,Большой Шмидт,Солодовников В.В.,,,,,,,,,,,,,,,
30S-2.5,Star,20h00,-10.00,05-06.09.1986,10m,0h46,,9x12,Большой Шмидт,Солодовников В.В.,,,,,,,,,,,,,,,
30S-3.6,Star,20h00,-5.00,05-06.09.1986,10m,0h58,,9x12,Большой Шмидт,Солодовников В.В.,,,,,,,,,,,,,,,
30S-2.6,Star,20h00,0.00,05-06.09.1986,10m,1h15,,9x12,Большой Шмидт,Солодовников В.В.,,,,,,,,,,,,,,,
30S-3.7,Star,20h00,5.00,05-06.09.1986,10m,1h28,,9x12,Большой Шмидт,Солодовников В.В.,,,,,,,,,,,,,,,
30S-2.7,Star,20h30,5.00,05-06.09.1986,10m,2h10,,9x12,Большой Шмидт,Солодовников В.В.,,,,,,,,,,,,,,,
30S-3.8,Star,20h30,0.00,05-06.09.1986,10m,2h22,,9x12,Большой Шмидт,Солодовников В.В.,,,,,,,,,,,,,,,
30S-2.8,Star,20h30,-5.00,05-06.09.1986,10m,2h33,,9x12,Большой Шмидт,Солодовников В.В.,,,,,,,,,,,,,,,
30S-3.9,Star,20h30,-10.00,05-06.09.1986,10m,2h47,,9x12,Большой Шмидт,Солодовников В.В.,,,,,,,,,,,,,,,
30S-2.9,Star,20h30,-15.00,05-06.09.1986,10m,2h59,,9x12,Большой Шмидт,Солодовников В.В.,0. пятна,,,,,,,,,,,,,,
31S-2.1,Star,10h30,85.00,08-09.09.1986,,0h17,,9x12,Большой Шмидт,Солодовников В.В.,,,,,,,,,,,,,,,
31S-3.1,Star,10h30,85.00,08-09.09.1986,,0h31,,9x12,Большой Шмидт,Солодовников В.В.,,,,,,,,,,,,,,,
31S-2.2,Star,23h00,-5.00,10-11.09.1986,10m,1h39,,9x12,Большой Шмидт,Солодовников В.В.,,,,,,,,,,,,,,,
31S-3.2,Star,23h00,-5.00,10-11.09.1986,10m,1h51,,9x12,Большой Шмидт,Солодовников В.В.,,,,,,,,,,,,,,,
31S-3.3,Star(UMa),10h30,85.00,10-11.09.1986,10m,3h42,,9x12,Большой Шмидт,Солодовников В.В.,,,,,,,,,,,,,,,
31S-2.4,Star(UMa),10h30,85.00,10-11.09.1986,10m,3h54,,9x12,Большой Шмидт,Солодовников В.В.,,,,,,,,,,,,,,,
31S-3.4,Star(UMa),10h30,85.00,10-11.09.1986,10m,4h06,,9x12,Большой Шмидт,Солодовников В.В.,,,,,,,,,,,,,,,
31S-2.5,Star(UMa),10h30,85.00,10-11.09.1986,10m,3h29,,9x12,Большой Шмидт,Солодовников В.В.,,,,,,,,,,,,,,,
31S-2.3,Star(UMa),10h30,85.00,10-11.09.1986,10m,4h13,,9x12,Большой Шмидт,Солодовников В.В.,,,,,,,,,,,,,,,
31S-3.5,Star,23h00,-6.00,10-11.09.1986,,4h41,,9x12,Большой Шмидт,Солодовников В.В.,,,,,,,,,,,,,,,
32S-2.1,Star,23h00,-5.00,09-10.09.1986,,2h31,,9x12,Большой Шмидт,Солодовников В.В.,0. передержан,,,,,,,,,,,,,,
32S-3.1,Star,23h00,15.00,09-10.09.1986,,2h47,,9x12,Большой Шмидт,Солодовников В.В.,,,,,,,,,,,,,,,
32S-2.1,Star(alf Peg),23h00,15.00,08-09.09.1986,10m,0h17,,9x12,Большой Шмидт,Солодовников В.В.,,,,,,,,,,,,,,,
32S-3.1,Star,23h00,10.00,08-09.09.1986,10m,0h31,,9x12,Большой Шмидт,Солодовников В.В.,,,,,,,,,,,,,,,
32S-2.2,Star,23h00,5.00,08-09.09.1986,10m,0h44,,9x12,Большой Шмидт,Солодовников В.В.,,,,,,,,,,,,,,,
32S-3.2,Star,23h00,10.00,08-09.09.1986,12m,0h58,,9x12,Большой Шмидт,Солодовников В.В.,,,,,,,,,,,,,,,
32S-2.3,Star,23h00,-5.00,08-09.09.1986,10m,1h11,,9x12,Большой Шмидт,Солодовников В.В.,,,,,,,,,,,,,,,
32S-3.3,Star,23h00,-10.00,08-09.09.1986,10m,1h24,,9x12,Большой Шмидт,Солодовников В.В.,,,,,,,,,,,,,,,
32S-2.4,Star,23h00,-15.00,08-09.09.1986,10m,1h36,,9x12,Большой Шмидт,Солодовников В.В.,,,,,,,,,,,,,,,
32S-3.4,Star,23h00,-20.00,08-09.09.1986,10m,1h48,,9x12,Большой Шмидт,Солодовников В.В.,,,,,,,,,,,,,,,
32S-2.5,Star(eps Peg),23h00,-25.00,08-09.09.1986,10m,,,9x12,Большой Шмидт,Солодовников В.В.,,,,,,,,,,,,,,,
33S-2.1,Star,23h00,-20.00,25-26.11.1986,10m,22h21,,9x12,Большой Шмидт,Солодовников В.В.,,,,,,,,,,,,,,,
33S-3.1,Star,23h00,-15.00,25-26.11.1986,10m,22h46,,9x12,Большой Шмидт,Солодовников В.В.,,,,,,,,,,,,,,,
33S-2.2,Star,23h00,-10.00,25-26.11.1986,10m,23h00,,9x12,Большой Шмидт,Солодовников В.В.,0. засветка,,,,,,,,,,,,,,
33S-3.2,Star,23h00,-5.00,25-26.11.1986,10m,23h13,,9x12,Большой Шмидт,Солодовников В.В.,,,,,,,,,,,,,,,
33S-2.3,Star,23h00,0.00,25-26.11.1986,10m,23h25,,9x12,Большой Шмидт,Солодовников В.В.,,,,,,,,,,,,,,,
33S-3.3,Star,23h00,5.00,25-26.11.1986,10m,23h34,,9x12,Большой Шмидт,Солодовников В.В.,,,,,,,,,,,,,,,
33S-2.4,Star,23h00,10.00,25-26.11.1986,10m,23h53,,9x12,Большой Шмидт,Солодовников В.В.,,,,,,,,,,,,,,,
33S-3.4,Star,23h00,15.00,25-26.11.1986,10m,0h06,,9x12,Большой Шмидт,Солодовников В.В.,,,,,,,,,,,,,,,
33S-3.5,Star,23h00,25.00,25-26.11.1986,10m,0h31,,9x12,Большой Шмидт,Солодовников В.В.,0. плохая,,,,,,,,,,,,,,
33S-2.6,Star,23h00,30.00,25-26.11.1986,10m,0h44,,9x12,Большой Шмидт,Солодовников В.В.,0. засветка,,,,,,,,,,,,,,
33S-3.6,Star,23h00,35.00,25-26.11.1986,10m,0h57,,9x12,Большой Шмидт,Солодовников В.В.,0. засветка,,,,,,,,,,,,,,
33S-2.7,Star,23h00,40.00,25-26.11.1986,10m,1h22,,9x12,Большой Шмидт,Солодовников В.В.,,,,,,,,,,,,,,,
33S-3.7,Star,23h00,45.00,25-26.11.1986,10m,1h35,,9x12,Большой Шмидт,Солодовников В.В.,,,,,,,,,,,,,,,
33S-2.8,Star,23h00,50.00,25-26.11.1986,10m,1h48,,9x12,Большой Шмидт,Солодовников В.В.,,,,,,,,,,,,,,,
33S-3.8,Star,23h00,55.00,25-26.11.1986,10m,2h00,,9x12,Большой Шмидт,Солодовников В.В.,,,,,,,,,,,,,,,
33S-3.2,Star,23h00,-5.00,26-27.11.1986,10m,22h31,,9x12,Большой Шмидт,Солодовников В.В.,,,,,,,,,,,,,,,
33S-2.3,Star,23h00,0.00,26-27.11.1986,10m,22h42,,9x12,Большой Шмидт,Солодовников В.В.,,,,,,,,,,,,,,,
33S-3.3,Star,23h00,5.00,26-27.11.1986,10m,22h54,,9x12,Большой Шмидт,Солодовников В.В.,,,,,,,,,,,,,,,
33S-2.4,Star,23h00,10.00,26-27.11.1986,10m,23h00,,9x12,Большой Шмидт,Солодовников В.В.,,,,,,,,,,,,,,,
33S-3.4,Star,23h00,15.00,26-27.11.1986,10m,23h17,,9x12,Большой Шмидт,Солодовников В.В.,,,,,,,,,,,,,,,
33S-2.5,Star,23h00,20.00,26-27.11.1986,10m,23h24,,9x12,Большой Шмидт,Солодовников В.В.,,,,,,,,,,,,,,,
33S-3.5,Star,23h00,25.00,26-27.11.1986,10m,23h41,,9x12,Большой Шмидт,Солодовников В.В.,,,,,,,,,,,,,,,
33S-2.6,Star,23h00,30.00,26-27.11.1986,10m,23h52,,9x12,Большой Шмидт,Солодовников В.В.,,,,,,,,,,,,,,,
33S-3.6,Star,23h00,35.00,26-27.11.1986,10m,0h04,,9x12,Большой Шмидт,Солодовников В.В.,,,,,,,,,,,,,,,
33S-2.8,Star,23h00,50.00,26-27.11.1986,10m,0h40,,9x12,Большой Шмидт,Солодовников В.В.,,,,,,,,,,,,,,,
33S-2.9,Star,23h00,60.00,26-27.11.1986,10m,2h12,,9x12,Большой Шмидт,Солодовников В.В.,,,,,,,,,,,,,,,
33S-3.9,Star,23h00,65.00,25-26.11.1986,10m,2h25,,9x12,Большой Шмидт,Солодовников В.В.,,,,,,,,,,,,,,,
33S-2.10,Star,23h00,70.00,26-27.11.1986,10m,1h29,,9x12,Большой Шмидт,Солодовников В.В.,,,,,,,,,,,,,,,
34S-2.1,Star,5h30,-25.00,07-08.12.1986,10m,,,9x12,Большой Шмидт,Солодовников В.В.,,,,,,,,,,,,,,,
34S-3.1,Star,5h30,-20.00,07-08.12.1986,10m,,,9x12,Большой Шмидт,Солодовников В.В.,,,,,,,,,,,,,,,
34S-2.2,Star,5h30,-15.00,07-08.12.1986,10m,,,9x12,Большой Шмидт,Солодовников В.В.,,,,,,,,,,,,,,,
34S-3.2,Star,5h30,-10.00,07-08.12.1986,10m,,,9x12,Большой Шмидт,Солодовников В.В.,,,,,,,,,,,,,,,
34S-2.3,Star,5h30,-5.00,07-08.12.1986,10m,,,9x12,Большой Шмидт,Солодовников В.В.,,,,,,,,,,,,,,,
34S-3.3,Star,5h30,0.00,07-08.12.1986,10m,,,9x12,Большой Шмидт,Солодовников В.В.,,,,,,,,,,,,,,,
34S-2.4,Star,5h30,5.00,07-08.12.1986,10m,,,9x12,Большой Шмидт,Солодовников В.В.,,,,,,,,,,,,,,,
34S-3.4,Star,5h30,10.00,07-08.12.1986,10m,,,9x12,Большой Шмидт,Солодовников В.В.,,,,,,,,,,,,,,,
34S-2.5,Star,5h30,15.00,07-08.12.1986,10m,,,9x12,Большой Шмидт,Солодовников В.В.,,,,,,,,,,,,,,,
34S-3.5,Star,5h30,20.00,07-08.12.1986,10m,,,9x12,Большой Шмидт,Солодовников В.В.,,,,,,,,,,,,,,,
34S-2.6,Star,5h30,25.00,07-08.12.1986,10m,,,9x12,Большой Шмидт,Солодовников В.В.,,,,,,,,,,,,,,,
34S-3.6,Star,5h30,30.00,07-08.12.1986,10m,,,9x12,Большой Шмидт,Солодовников В.В.,,,,,,,,,,,,,,,
34S-2.7,Star,5h30,35.00,07-08.12.1986,10m,,,9x12,Большой Шмидт,Солодовников В.В.,0. чернила,,,,,,,,,,,,,,
34S-3.7,Star,5h30,40.00,07-08.12.1986,10m,,,9x12,Большой Шмидт,Солодовников В.В.,,,,,,,,,,,,,,,
34S-2.1,Star,5h30,-25.00,08-09.12.1986,10m,,,9x12,Большой Шмидт,Солодовников В.В.,,,,,,,,,,,,,,,
34S-3.1,Star,5h30,-25.00,08-09.12.1986,10m,,,9x12,Большой Шмидт,Солодовников В.В.,,,,,,,,,,,,,,,
34S-2.2,Star,5h30,-20.00,08-09.12.1986,10m,1h08,,9x12,Большой Шмидт,Солодовников В.В.,,,,,,,,,,,,,,,
34S-3.2,Star,5h30,-15.00,08-09.12.1986,10m,1h20,,9x12,Большой Шмидт,Солодовников В.В.,,,,,,,,,,,,,,,
34S-2.3,Star,5h30,-10.00,08-09.12.1986,10m,1h32,,9x12,Большой Шмидт,Солодовников В.В.,,,,,,,,,,,,,,,
34S-3.3,Star,5h22,-12.00,08-09.12.1986,10m,1h45,,9x12,Большой Шмидт,Солодовников В.В.,,,,,,,,,,,,,,,
34S-3.4,Star,5h30,0.00,08-09.12.1986,10m,,,9x12,Большой Шмидт,Солодовников В.В.,,,,,,,,,,,,,,,
34S-2.5,Star,5h30,20.00,08-09.12.1986,10m,,,9x12,Большой Шмидт,Солодовников В.В.,,,,,,,,,,,,,,,
34S-3.5,Star,5h38,19.00,08-09.12.1986,10m,,,9x12,Большой Шмидт,Солодовников В.В.,,,,,,,,,,,,,,,
34S-2.6,Star,5h30,25.00,08-09.12.1986,10m,2h50,,9x12,Большой Шмидт,Солодовников В.В.,,,,,,,,,,,,,,,
34S-3.6,Star,5h00,-20.00,08-09.12.1986,10m,3h05,,9x12,Большой Шмидт,Солодовников В.В.,,,,,,,,,,,,,,,
34S-2.7,Star,5h00,-15.00,08-09.12.1986,10m,,,9x12,Большой Шмидт,Солодовников В.В.,,,,,,,,,,,,,,,
34S-3.7,Star,5h00,-20.00,08-09.12.1986,10m,,,9x12,Большой Шмидт,Солодовников В.В.,,,,,,,,,,,,,,,
34S-2.8,Star,5h00,-5.00,08-09.12.1986,10m,,,9x12,Большой Шмидт,Солодовников В.В.,,,,,,,,,,,,,,,
34S-3.8,Star,5h00,0.00,08-09.12.1986,10m,,,9x12,Большой Шмидт,Солодовников В.В.,,,,,,,,,,,,,,,
34S-2.9,Star,5h00,5.00,08-09.12.1986,10m,,,9x12,Большой Шмидт,Солодовников В.В.,,,,,,,,,,,,,,,
34S-3.9,Star,5h00,10.00,08-09.12.1986,10m,,,9x12,Большой Шмидт,Солодовников В.В.,,,,,,,,,,,,,,,
34S-2.10,Star,5h00,15.00,08-09.12.1986,10m,,,9x12,Большой Шмидт,Солодовников В.В.,,,,,,,,,,,,,,,
34S-3.10,Star,5h00,20.00,08-09.12.1986,10m,,,9x12,Большой Шмидт,Солодовников В.В.,,,,,,,,,,,,,,,
34S-2.11,Star,5h00,25.00,08-09.12.1986,10m,,,9x12,Большой Шмидт,Солодовников В.В.,,,,,,,,,,,,,,,
34S-3.11,Star,5h00,30.00,08-09.12.1986,10m,,,9x12,Большой Шмидт,Солодовников В.В.,,,,,,,,,,,,,,,
34S-2.12,Star,5h00,35.00,08-09.12.1986,10m,,,9x12,Большой Шмидт,Солодовников В.В.,,,,,,,,,,,,,,,
35S-2.1,Star(UMa),14h00,65.00,27-28.08.1986,10m,22h47,,9x12,Большой Шмидт,Солодовников В.В.,,,,,,,,,,,,,,,
35S-3.1,Star(UMa),14h00,60.00,27-28.08.1986,10m,22h59,,9x12,Большой Шмидт,Солодовников В.В.,,,,,,,,,,,,,,,
35S-2.2,Star(UMa),14h00,55.00,27-28.08.1986,10m,23h12,,9x12,Большой Шмидт,Солодовников В.В.,,,,,,,,,,,,,,,
35S-3.2,Star(UMa),14h00,50.00,27-28.08.1986,10m,23h24,,9x12,Большой Шмидт,Солодовников В.В.,,,,,,,,,,,,,,,
35S-2.3,Star(UMa),14h00,45.00,27-28.08.1986,10m,23h37,,9x12,Большой Шмидт,Солодовников В.В.,,,,,,,,,,,,,,,
35S-3.3,Star(UMa),16h00,15.00,27-28.08.1986,9m,23h55,,9x12,Большой Шмидт,Солодовников В.В.,,,,,,,,,,,,,,,
35S-2.4,Star(Ser),16h00,-20.00,27-28.08.1986,7m,0h05,,9x12,Большой Шмидт,Солодовников В.В.,,,,,,,,,,,,,,,
35S-3.4,Star(Del),,,27-28.08.1986,8m,0h16,,9x12,Большой Шмидт,Солодовников В.В.,,,,,,,,,,,,,,,
35S-2.1,Star(UMa),14h00,65.00,28-29.08.1986,9m,23h02,,9x12,Большой Шмидт,Солодовников В.В.,,,,,,,,,,,,,,,
35S-3.1,Star(UMa),14h00,60.00,28-29.08.1986,9.5m,23h15,,9x12,Большой Шмидт,Солодовников В.В.,,,,,,,,,,,,,,,
35S-2.2,Star(UMa),14h00,55.00,28-29.08.1986,9m,23h25,,9x12,Большой Шмидт,Солодовников В.В.,,,,,,,,,,,,,,,
35S-3.2,Star(UMa),14h00,50.00,28-29.08.1986,9m,23h37,,9x12,Большой Шмидт,Солодовников В.В.,,,,,,,,,,,,,,,
35S-2.3,Star(UMa),14h00,45.00,28-29.08.1986,9m,23h49,,9x12,Большой Шмидт,Солодовников В.В.,,,,,,,,,,,,,,,
35S-3.3,Star(UMa),14h00,40.00,28-29.08.1986,9m,0h01,,9x12,Большой Шмидт,Солодовников В.В.,,,,,,,,,,,,,,,
35S-2.4,Star(UMa),14h00,40.00,28-29.08.1986,9m,0h12,,9x12,Большой Шмидт,Солодовников В.В.,,,,,,,,,,,,,,,
35S-3.4,Star(UMa),14h00,45.00,28-29.08.1986,9m,0h24,,9x12,Большой Шмидт,Солодовников В.В.,,,,,,,,,,,,,,,
35S-2.5,Star(UMa),13h30,50.00,28-29.08.1986,9m,0h35,,9x12,Большой Шмидт,Солодовников В.В.,,,,,,,,,,,,,,,
35S-3.5,Star(UMa),13h30,55.00,28-29.08.1986,9m,0h47,,9x12,Большой Шмидт,Солодовников В.В.,,,,,,,,,,,,,,,
35S-2.6,Star(UMa),13h30,60.00,28-29.08.1986,9m,0h58,,9x12,Большой Шмидт,Солодовников В.В.,,,,,,,,,,,,,,,
35S-3.6,Star(UMa),13h30,65.00,28-29.08.1986,9m,1h09,,9x12,Большой Шмидт,Солодовников В.В.,,,,,,,,,,,,,,,
35S-2.7,Star(UMa),13h30,70.00,28-29.08.1986,9m,1h20,,9x12,Большой Шмидт,Солодовников В.В.,,,,,,,,,,,,,,,
35S-3.7,Star(UMa),13h30,70.00,28-29.08.1986,15m,1h35,,9x12,Большой Шмидт,Солодовников В.В.,,,,,,,,,,,,,,,
35S-2.1,NGC5272,13h40,28.00,29-30.08.1986,10m,22h16,,9x12,Большой Шмидт,Солодовников В.В.,,,,,,,,,,,,,,,
35S-3.1,NGC5272,13h40,28.00,29-30.08.1986,10m,22h28,,9x12,Большой Шмидт,Солодовников В.В.,,,,,,,,,,,,,,,
35S-2.2,Star(UMa),14h00,65.00,29-30.08.1986,9m,22h44,,9x12,Большой Шмидт,Солодовников В.В.,,,,,,,,,,,,,,,
35S-3.2,Star(UMa),14h00,40.00,29-30.08.1986,9m,22h38,,9x12,Большой Шмидт,Солодовников В.В.,,,,,,,,,,,,,,,
35S-2.3,Star(UMa),13h30,40.00,29-30.08.1986,9m,23h10,,9x12,Большой Шмидт,Солодовников В.В.,,,,,,,,,,,,,,,
35S-3.3,Star(UMa),13h30,45.00,29-30.08.1986,9m,23h22,,9x12,Большой Шмидт,Солодовников В.В.,,,,,,,,,,,,,,,
35S-2.4,Star(UMa),13h30,50.00,29-30.08.1986,9m,23h33,,9x12,Большой Шмидт,Солодовников В.В.,,,,,,,,,,,,,,,
35S-3.4,Star(UMa),13h30,55.00,29-30.08.1986,9m,23h47,,9x12,Большой Шмидт,Солодовников В.В.,,,,,,,,,,,,,,,
35S-2.5,Star(UMa),13h30,60.00,29-30.08.1986,9m,0h00,,9x12,Большой Шмидт,Солодовников В.В.,,,,,,,,,,,,,,,
35S-3.5,Star(UMa),13h30,65.00,29-30.08.1986,9m,0h10,,9x12,Большой Шмидт,Солодовников В.В.,,,,,,,,,,,,,,,
35S-2.6,Star(UMa),13h30,70.00,29-30.08.1986,9m,0h21,,9x12,Большой Шмидт,Солодовников В.В.,,,,,,,,,,,,,,,
35S-3.6,Star(UMa),13h30,75.00,29-30.08.1986,9m,0h35,,9x12,Большой Шмидт,Солодовников В.В.,,,,,,,,,,,,,,,
35S-2.2,NGC5272,13h40,35.00,01-02.09.1986,10m,23h03,,9x12,Большой Шмидт,Солодовников В.В.,,,,,,,,,,,,,,,
35S-3.2,NGC5272,13h40,35.00,01-02.09.1986,11m,22h51,,9x12,Большой Шмидт,Солодовников В.В.,,,,,,,,,,,,,,,
35S-2.3,NGC5272,13h40,35.00,01-02.09.1986,8m,,,9x12,Большой Шмидт,Солодовников В.В.,выше по дельта NGC5272,,,,,,,,,,,,,,
35S-3.3,Star(UMa),14h00,40.00,01-02.09.1986,15m,,,9x12,Большой Шмидт,Солодовников В.В.,,,,,,,,,,,,,,,
35S-2.4,Star(UMa),14h00,40.00,01-02.09.1986,15m,0h00,,9x12,Большой Шмидт,Солодовников В.В.,,,,,,,,,,,,,,,
35S-3.4,Star(UMa),10h00,70.0,01-02.09.1986,12m,0h30,,9x12,Большой Шмидт,Солодовников В.В.,,,,,,,,,,,,,,,
35S-2.5,Star(UMa),10h00,65.00,01-02.09.1986,10m,0h43,,9x12,Большой Шмидт,Солодовников В.В.,,,,,,,,,,,,,,,
35S-3.5,Star(UMa),10h00,60.00,01-02.09.1986,10m,0h56,,9x12,Большой Шмидт,Солодовников В.В.,,,,,,,,,,,,,,,
35S-2.6,NGC281,0h50,56.03,01-02.09.1986,15m,1h44,,9x12,Большой Шмидт,Солодовников В.В.,,,,,,,,,,,,,,,
35S-3.6,NGC281,0h50,56.03,01-02.09.1986,10m,2h01,,9x12,Большой Шмидт,Солодовников В.В.,,,,,,,,,,,,,,,
35S-2.7,JC1805,2h18,61.00,01-02.09.1986,15m,2h24,,9x12,Большой Шмидт,Солодовников В.В.,,,,,,,,,,,,,,,
35S-3.7,JC1805,2h18,61.00,01-02.09.1986,10m,2h40,,9x12,Большой Шмидт,Солодовников В.В.,,,,,,,,,,,,,,,
35S-2.8,JC1808,2h40,61.00,01-02.09.1986,15m,2h36,,9x12,Большой Шмидт,Солодовников В.В.,,,,,,,,,,,,,,,
35S-3.8,JC1808,2h40,61.00,01-02.09.1986,10m,3h12,,9x12,Большой Шмидт,Солодовников В.В.,,,,,,,,,,,,,,,
36S-3.2,orion,05 32 49,-05 25 21,,,,,9x12,Большой Шмидт,Солодовников В.В.,,,,,,,,,,,,,,,
36S-3.6,orion,05 32 49,-05 25 21,,,,,9x12,Большой Шмидт,Солодовников В.В.,,,,,,,,,,,,,,,
36S-3.1,M8,18 00 32,-24 23 21,,,,,9x12,Большой Шмидт,Солодовников В.В.,,,,,,,,,,,,,,,
36S-3.1,Trifid,,,,,,,9x12,Большой Шмидт,Солодовников В.В.,,,,,,,,,,,,,,,
36S-2.2,NGC281,00 49 29,56 17 37,,,,,9x12,Большой Шмидт,Солодовников В.В.,,,,,,,,,,,,,,,
36S-3.5,NGC1499,04 00 01,36 17 03,,,,,9x12,Большой Шмидт,Солодовников В.В.,,,,,,,,,,,,,,,
36S-2.4,Del,,,,,,,9x12,Большой Шмидт,Солодовников В.В.,,,,,,,,,,,,,,,
36S-2.7,M45,03 43 25,23 57 36,,,,,9x12,Большой Шмидт,Солодовников В.В.,,,,,,,,,,,,,,,
37S-2.1,tet Oph,17h17,-25.00,09-10.06.1986,,3h08,,9x12,Большой Шмидт,Солодовников В.В.,,,,,,,,,,,,,,,
37S-3.1,xi Oph,17h17,-21.00,09-10.06.1986,,3h20,,9x12,Большой Шмидт,Солодовников В.В.,,,,,,,,,,,,,,,
37S-2.2,xi Oph,17h17,-21.00,09-10.06.1986,,3h25,,9x12,Большой Шмидт,Солодовников В.В.,,,,,,,,,,,,,,,h
37S-2.3,xi Oph,17h19,-21.00,10-11.06.1986,10m,1h23,,9x12,Большой Шмидт,Солодовников В.В.,,,,,,,,,,,,,,,
37S-2.2,43 Oph,17h20,-28.00,10-11.06.1986,10m,0h49,,9x12,Большой Шмидт,Солодовников В.В.,,,,,,,,,,,,,,,
37S-3.3,nu Ser,17h20,-12.83,10-11.06.1986,10m,1h47,,9x12,Большой Шмидт,Солодовников В.В.,,,,,,,,,,,,,,,
37S-2.4,nu Ser,17h20,-12.83,10-11.06.1986,10m,1h59,,9x12,Большой Шмидт,Солодовников В.В.,,,,,,,,,,,,,,,
37S-3.4,o Ser,17h40,-12.00,10-11.06.1986,10m,2h16,,9x12,Большой Шмидт,Солодовников В.В.,,,,,,,,,,,,,,,
37S-2.5,o Ser,17h40,-12.00,10-11.06.1986,10m,2h29,,9x12,Большой Шмидт,Солодовников В.В.,,,,,,,,,,,,,,,
37S-2.1,Star,17h30,-31.00,14-15.06.1986,11m,0h28,,9x12,Большой Шмидт,Солодовников В.В.,,,,,,,,,,,,,,,
37S-3.1,Star,17h30,-31.00,14-15.06.1986,10m,0h42,,9x12,Большой Шмидт,Солодовников В.В.,,,,,,,,,,,,,,,
37S-2.3,Star,18h00,-32.00,14-15.06.1986,10m,1h18,,9x12,Большой Шмидт,Солодовников В.В.,,,,,,,,,,,,,,,
37S-3.3,Star,18h00,-30.00,14-15.06.1986,12m,1h31,,9x12,Большой Шмидт,Солодовников В.В.,,,,,,,,,,,,,,,
37S-2.4,Star,19h00,-30.00,14-15.06.1986,10m,1h34,,9x12,Большой Шмидт,Солодовников В.В.,,,,,,,,,,,,,,,
37S-3.4,Star,19h00,-25.00,14-15.06.1986,10m,2h05,,9x12,Большой Шмидт,Солодовников В.В.,,,,,,,,,,,,,,,
37S-2.5,Star,19h00,-20.00,14-15.06.1986,10m,2h17,,9x12,Большой Шмидт,Солодовников В.В.,,,,,,,,,,,,,,,
37S-3.5,Star,19h00,-15.00,14-15.06.1986,10m,2h29,,9x12,Большой Шмидт,Солодовников В.В.,,,,,,,,,,,,,,,
37S-2.6,Star,19h00,-10.00,14-15.06.1986,10m,2h40,,9x12,Большой Шмидт,Солодовников В.В.,,,,,,,,,,,,,,,
37S-3.6,Star,19h00,-5.00,14-15.06.1986,10m,2h51,,9x12,Большой Шмидт,Солодовников В.В.,,,,,,,,,,,,,,,
37S-2.7,Star,19h00,0.00,14-15.06.1986,10m,3h03,,9x12,Большой Шмидт,Солодовников В.В.,,,,,,,,,,,,,,,
37S-3.7,Star,19h00,5.00,14-15.06.1986,10m,3h14,,9x12,Большой Шмидт,Солодовников В.В.,,,,,,,,,,,,,,,
37S-2.8,Star,19h00,10.00,14-15.06.1986,10m,3h26,,9x12,Большой Шмидт,Солодовников В.В.,,,,,,,,,,,,,,,
37S-3.8,Star,19h00,15.00,14-15.06.1986,10m,3h38,,9x12,Большой Шмидт,Солодовников В.В.,,,,,,,,,,,,,,,
38S-2.2,Star,19h08,-1.00,15-16.06.1988,10m,2h19,,9x12,Большой Шмидт,Солодовников В.В.,,,,,,,,,,,,,,,
38S-3.3,Star,19h00,30.00,15-16.06.1988,10m,3h01,,9x12,Большой Шмидт,Солодовников В.В.,,,,,,,,,,,,,,,
38S-2.4,Star,19h00,35.00,15-16.06.1988,10m,3h14,,9x12,Большой Шмидт,Солодовников В.В.,,,,,,,,,,,,,,,
38S-3.4,Star,19h00,40.00,15-16.06.1988,10m,3h26,,9x12,Большой Шмидт,Солодовников В.В.,,,,,,,,,,,,,,,
38S-2.5,Star,19h00,45.00,15-16.06.1988,10m,3h37,,9x12,Большой Шмидт,Солодовников В.В.,,,,,,,,,,,,,,,
38S-3.5,Star,19h00,50.00,15-16.06.1988,10m,3h49,,9x12,Большой Шмидт,Солодовников В.В.,,,,,,,,,,,,,,,
38S-2.6,Star,19h00,55.00,15-16.06.1988,9m,3h59,,9x12,Большой Шмидт,Солодовников В.В.,,,,,,,,,,,,,,,
38S-3.6,Star,19h00,60.00,15-16.06.1988,10m,4h10,,9x12,Большой Шмидт,Солодовников В.В.,,,,,,,,,,,,,,,
39S-2.1,Star,19h00,-10.00,16-17.06.1988,5m,2h33,,9x12,Большой Шмидт,Солодовников В.В.,,,,,,,,,,,,,,,
39S-3.1,Star,19h00,-10.00,16-17.06.1988,5m,2h40,,9x12,Большой Шмидт,Солодовников В.В.,,,,,,,,,,,,,,,
39S-2.2,Star,19h00,-10.00,16-17.06.1988,10m,2h55,,9x12,Большой Шмидт,Солодовников В.В.,,,,,,,,,,,,,,,
39S-3.2,Star,19h00,-10.00,16-17.06.1988,10m,3h08,,9x12,Большой Шмидт,Солодовников В.В.,,,,,,,,,,,,,,,
39S-2.3,Star,19h00,-10.00,16-17.06.1988,20m,3h34,,9x12,Большой Шмидт,Солодовников В.В.,,,,,,,,,,,,,,,
39S-3.3,Star,19h00,-10.00,16-17.06.1988,10m,3h52,,9x12,Большой Шмидт,Солодовников В.В.,,,,,,,,,,,,,,,
39S-2.4,Star,19h00,-10.00,16-17.06.1988,20m,4h11,,9x12,Большой Шмидт,Солодовников В.В.,,,,,,,,,,,,,,,
39S-cal1,Calibrovka,,,16-17.06.1988,,,,9x12,Большой Шмидт,Солодовников В.В.,,,,,,,,,,,,,,,
39S-cal2,Calibrovka,,,16-17.06.1988,,,,9x12,Большой Шмидт,Солодовников В.В.,,,,,,,,,,,,,,,
39S-cal3,Calibrovka,,,16-17.06.1988,,,,9x12,Большой Шмидт,Солодовников В.В.,,,,,,,,,,,,,,,
40S-2.1,Star,17h30,3.00,18-19.06.1988,5m,1h16,,9x12,Большой Шмидт,Солодовников В.В.,,,,,,,,,,,,,,,
40S-3.1,Star,17h30,3.00,18-19.06.1988,10m,1h25,,9x12,Большой Шмидт,Солодовников В.В.,,,,,,,,,,,,,,,
40S-2.2,Star,17h40,3.00,18-19.06.1988,5m,1h45,,9x12,Большой Шмидт,Солодовников В.В.,,,,,,,,,,,,,,,
40S-3.2,Star,17h40,3.00,18-19.06.1988,10m,1h55,,9x12,Большой Шмидт,Солодовников В.В.,,,,,,,,,,,,,,,
40S-2.3,JC4665,,,18-19.06.1988,25m,2h57,,9x12,Большой Шмидт,Солодовников В.В.,,,,,,,,,,,,,,,
40S-3.3,Star,19h00,-1.00,18-19.06.1988,25m,3h26,,9x12,Большой Шмидт,Солодовников В.В.,,,,,,,,,,,,,,,
40S-2.4,Star,19h00,-1.00,18-19.06.1988,10m,3h52,,9x12,Большой Шмидт,Солодовников В.В.,,,,,,,,,,,,,,,
40S-3.4,Star,19h00,-1.00,18-19.06.1988,5m,4h00,,9x12,Большой Шмидт,Солодовников В.В.,,,,,,,,,,,,,,,
40S-cal1,Calibrovka,,,18-19.06.1988,,,,9x12,Большой Шмидт,Солодовников В.В.,,,,,,,,,,,,,,,
40S-cal2,Calibrovka,,,18-19.06.1988,,,,9x12,Большой Шмидт,Солодовников В.В.,,,,,,,,,,,,,,,
41S-2.1,Star,19h30,3.00,19-20.06.1988,10m,1h00,,9x12,Большой Шмидт,Солодовников В.В.,,,,,,,,,,,,,,,
41S-3.1,Star,19h30,3.00,19-20.06.1988,5m,1h08,,9x12,Большой Шмидт,Солодовников В.В.,0. передержан,,,,,,,,,,,,,,
41S-2.2,Star,18h00,-15.00,19-20.06.1988,10m,1h21,,9x12,Большой Шмидт,Солодовников В.В.,,,,,,,,,,,,,,,
41S-3.2,Star,18h00,-10.00,19-20.06.1988,10m,1h33,,9x12,Большой Шмидт,Солодовников В.В.,0. передержан,,,,,,,,,,,,,,
41S-2.3,Star,19h00,-0.50,19-20.06.1988,5m,1h45,,9x12,Большой Шмидт,Солодовников В.В.,,,,,,,,,,,,,,,
41S-3.3,Star,19h00,-0.30,19-20.06.1988,10m,1h55,,9x12,Большой Шмидт,Солодовников В.В.,0. передержан,,,,,,,,,,,,,,
41S-2.4,Star,15h00,-15.00,19-20.06.1988,10m,2h12,,9x12,Большой Шмидт,Солодовников В.В.,,,,,,,,,,,,,,,
41S-3.4,Star,15h00,-10.00,19-20.06.1988,10m,2h24,,9x12,Большой Шмидт,Солодовников В.В.,0. передержан,,,,,,,,,,,,,,
41S-2.5,Star,15h00,-5.00,19-20.06.1988,10m,2h36,,9x12,Большой Шмидт,Солодовников В.В.,0. царапины,,,,,,,,,,,,,,
41S-3.5,Star,15h00,0.00,19-20.06.1988,9m,2h47,,9x12,Большой Шмидт,Солодовников В.В.,0. царапины,,,,,,,,,,,,,,
41S-2.6,Star,15h00,5.00,19-20.06.1988,9m,2h57,,9x12,Большой Шмидт,Солодовников В.В.,0. передержан,,,,,,,,,,,,,,
41S-3.6,Star,15h00,10.00,19-20.06.1988,9m,3h08,,9x12,Большой Шмидт,Солодовников В.В.,0. засвет,,,,,,,,,,,,,,
41S-2.7,Star,15h00,15.00,19-20.06.1988,9m,3h18,,9x12,Большой Шмидт,Солодовников В.В.,,,,,,,,,,,,,,,
41S-3.7,Star,15h00,20.00,19-20.06.1988,9m,3h28,,9x12,Большой Шмидт,Солодовников В.В.,,,,,,,,,,,,,,,
41S-2.8,Star,15h00,25.00,19-20.06.1988,9m,3h39,,9x12,Большой Шмидт,Солодовников В.В.,,,,,,,,,,,,,,,
41S-3.8,Star,15h00,30.00,19-20.06.1988,9m,3h51,,9x12,Большой Шмидт,Солодовников В.В.,,,,,,,,,,,,,,,
41S-cal1,Calibrovka,,,19-20.06.1988,,,,9x12,Большой Шмидт,Солодовников В.В.,,,,,,,,,,,,,,,
41S-cal2,Calibrovka,,,19-20.06.1988,,,,9x12,Большой Шмидт,Солодовников В.В.,,,,,,,,,,,,,,,
42S-2.1,alf Aql,19h48,8.44,05-06.07.1988,10m,0h36,,9x12,Большой Шмидт,Солодовников В.В.,,,,,,,,,,,,,,,
42S-3.1,Star,19h00,40.00,05-06.07.1988,10m,0h48,,9x12,Большой Шмидт,Солодовников В.В.,,,,,,,,,,,,,,,
42S-2.2,Star,19h00,15.00,05-06.07.1988,8m,1h00,,9x12,Большой Шмидт,Солодовников В.В.,,,,,,,,,,,,,,,
42S-3.2,Star,19h00,20.00,05-06.07.1988,10m,1h10,,9x12,Большой Шмидт,Солодовников В.В.,,,,,,,,,,,,,,,
42S-2.6,Star,8h00,80.00,05-06.07.1988,8m,1h44,,9x12,Большой Шмидт,Солодовников В.В.,,,,,,,,,,,,,,,
42S-3.6,Star,8h00,85.00,05-06.07.1988,8m,1h54,,9x12,Большой Шмидт,Солодовников В.В.,,,,,,,,,,,,,,,
42S-2.7,Star,8h00,90.00,05-06.07.1988,8m,2h04,,9x12,Большой Шмидт,Солодовников В.В.,,,,,,,,,,,,,,,
44S-3.1,Star,6h15,-23.00,30.11-01.12.1986,10m,0h38,,9x12,Большой Шмидт,Солодовников В.В.,,,,,,,,,,,,,,,
44S-2.2,Star,6h30,10.00,30.11-01.12.1986,10m,0h54,,9x12,Большой Шмидт,Солодовников В.В.,,,,,,,,,,,,,,,
44S-3.2,Star,7h00,-10.00,30.11-01.12.1986,10m,1h09,,9x12,Большой Шмидт,Солодовников В.В.,,,,,,,,,,,,,,,
44S-2.3,Star,6h00,17.00,30.11-01.12.1986,10m,1h25,,9x12,Большой Шмидт,Солодовников В.В.,,,,,,,,,,,,,,,
44S-3.3,Star,5h30,20.00,30.11-01.12.1986,10m,1h39,,9x12,Большой Шмидт,Солодовников В.В.,,,,,,,,,,,,,,,
44S-3.4,Star,6h00,10.00,30.11-01.12.1986,10m,2h12,,9x12,Большой Шмидт,Солодовников В.В.,,,,,,,,,,,,,,,
44S-2.5,Star,6h00,15.00,30.11-01.12.1986,10m,2h24,,9x12,Большой Шмидт,Солодовников В.В.,,,,,,,,,,,,,,,
44S-3.5,Star,6h00,20.00,30.11-01.12.1986,10m,2h37,,9x12,Большой Шмидт,Солодовников В.В.,,,,,,,,,,,,,,,
44S-2.7,Star,5h30,10.00,30.11-01.12.1986,10m,3h19,,9x12,Большой Шмидт,Солодовников В.В.,,,,,,,,,,,,,,,
44S-3.7,Star,5h30,5.00,30.11-01.12.1986,10m,3h32,,9x12,Большой Шмидт,Солодовников В.В.,,,,,,,,,,,,,,,
45S-2.4,Aql,,,15-16.07.1986,,,,9x12,Большой Шмидт,Солодовников В.В.,,,,,,,,,,,,,,,
45S-3.4,Aql,,,15-16.07.1986,,,,9x12,Большой Шмидт,Солодовников В.В.,,,,,,,,,,,,,,,
45S-2.3,Aqr,22h00,-5.00,15-16.07.1986,10m,2h17,,9x12,Большой Шмидт,Солодовников В.В.,,,,,,,,,,,,,,,
45S-3.3,Aqr,22h00,0.00,15-16.07.1986,10m,2h28,,9x12,Большой Шмидт,Солодовников В.В.,,,,,,,,,,,,,,,
45S-2.2,Star,13h00,5.00,07-08.05.1987,,3h55,,9x12,Большой Шмидт,Солодовников В.В.,,,,,,,,,,,,,,,
45S-3.2,Star,13h00,10.00,07-08.05.1987,,4h06,,9x12,Большой Шмидт,Солодовников В.В.,,,,,,,,,,,,,,,
45S-2.3,Star,13h30,0.00,07-08.05.1987,,4h17,,9x12,Большой Шмидт,Солодовников В.В.,,,,,,,,,,,,,,,
45S-3.3,Star,13h30,5.00,07-08.05.1987,,4h27,,9x12,Большой Шмидт,Солодовников В.В.,,,,,,,,,,,,,,,
45S-2.4,Star,13h30,10.00,07-08.05.1987,,4h36,,9x12,Большой Шмидт,Солодовников В.В.,,,,,,,,,,,,,,,
45S-3.4,Star,13h30,15.00,07-08.05.1987,,4h48,,9x12,Большой Шмидт,Солодовников В.В.,,,,,,,,,,,,,,,
45S-2.2,Star,22h30,-7.00,24-25.09.1987,,,,9x12,Большой Шмидт,Солодовников В.В.,,,,,,,,,,,,,,,
45S-3.2,Star,22h30,-7.00,24-25.09.1987,,,,9x12,Большой Шмидт,Солодовников В.В.,,,,,,,,,,,,,,,
46S-2.1,Trifid-lagoon,,,24-25.07.1988,32.5m,3h25,,9x12,Большой Шмидт,Солодовников В.В.,ZU-21+УФС,,,,,,,,,,,,,,
46S-st1,Del,,,24-25.07.1988,32.5m,1h18,,9x12,Большой Шмидт,Солодовников В.В.,,,,,,,,,,,,,,,
46S-3.1,alf Aql,19h50,10.00,24-25.07.1988,10m,2h43,,9x12,Большой Шмидт,Солодовников В.В.,,,,,,,,,,,,,,,
46S-2.2,Star,19h30,15.00,24-25.07.1988,10m,2h55,,9x12,Большой Шмидт,Солодовников В.В.,,,,,,,,,,,,,,,
46S-3.2,Star,19h30,20.00,24-25.07.1988,10m,3h07,,9x12,Большой Шмидт,Солодовников В.В.,,,,,,,,,,,,,,,
46S-3.3,Star,0h00,-25.00,24-25.07.1988,8m,4h44,,9x12,Большой Шмидт,Солодовников В.В.,,,,,,,,,,,,,,,
46S-2.4,Star,0h00,-20.00,24-25.07.1988,12m,4h01,,9x12,Большой Шмидт,Солодовников В.В.,,,,,,,,,,,,,,,
47S-2.1,alf-Aql,19h35,15.00,25-26.07.1988,10m,3h37,,9x12,Большой Шмидт,Солодовников В.В.,,,,,,,,,,,,,,,
47S-3.1,alf-Aql,19h35,15.00,25-26.07.1988,10m,3h48,,9x12,Большой Шмидт,Солодовников В.В.,,,,,,,,,,,,,,,
47S-2.2,Star,19h20,12.00,25-26.07.1988,10m,4h00,,9x12,Большой Шмидт,Солодовников В.В.,,,,,,,,,,,,,,,
47S-3.2,Star,1h30,-22.00,25-26.07.1988,11m,4h19,,9x12,Большой Шмидт,Солодовников В.В.,"0. пятна, царапина",,,,,,,,,,,,,,
47S-2.3,Star,1h30,-28.00,25-26.07.1988,10m,4h32,,9x12,Большой Шмидт,Солодовников В.В.,,,,,,,,,,,,,,,
47S-3.3,Star,1h30,-18.00,25-26.07.1988,10m,4h45,,9x12,Большой Шмидт,Солодовников В.В.,,,,,,,,,,,,,,,
47S-2.4,Star,1h30,-18.00,25-26.07.1988,10m,4h57,,9x12,Большой Шмидт,Солодовников В.В.,,,,,,,,,,,,,,,
50S-2.2,Star,23h00,15.00,17-18.08.1986,5m,4h22,,9x12,Большой Шмидт,Солодовников В.В.,,,,,,,,,,,,,,,
50S-3.2,Star,23h00,10.00,17-18.08.1986,5m,4h30,,9x12,Большой Шмидт,Солодовников В.В.,0. царапина,,,,,,,,,,,,,,
50S-2.3,Star,23h00,5.00,17-18.08.1986,5m,4h36,,9x12,Большой Шмидт,Солодовников В.В.,,,,,,,,,,,,,,,
50S-3.3,Star,23h00,0.00,17-18.08.1986,5m,4h42,,9x12,Большой Шмидт,Солодовников В.В.,,,,,,,,,,,,,,,
50S-2.4,Star,23h00,-5.00,17-18.08.1986,5m,4h49,,9x12,Большой Шмидт,Солодовников В.В.,,,,,,,,,,,,,,,
50S-3.4,Star,23h00,-10.00,17-18.08.1986,5m,4h56,,9x12,Большой Шмидт,Солодовников В.В.,,,,,,,,,,,,,,,
50S-2.5,Star,23h00,-15.00,17-18.08.1986,5m,5h02,,9x12,Большой Шмидт,Солодовников В.В.,,,,,,,,,,,,,,,
50S-3.5,Star,23h00,-21.00,17-18.08.1986,5m,5h11,,9x12,Большой Шмидт,Солодовников В.В.,,,,,,,,,,,,,,,
50S-2.6,Star,23h00,-18.00,17-18.08.1986,5m,5h16,,9x12,Большой Шмидт,Солодовников В.В.,,,,,,,,,,,,,,,
50S-3.6,Cet,,,17-18.08.1986,9m,5h27,,9x12,Большой Шмидт,Солодовников В.В.,,,,,,,,,,,,,,,
48S-2.1,Star,22h00,-25.00,15-16.07.1988,10m,1h29,,9x12,Большой Шмидт,Солодовников В.В.,,,,,,,,,,,,,,,
48S-3.1,Star,22h00,-20.00,15-16.07.1988,10m,1h42,,9x12,Большой Шмидт,Солодовников В.В.,,,,,,,,,,,,,,,
48S-2.2,Star,22h00,-15.00,15-16.07.1988,10m,1h54,,9x12,Большой Шмидт,Солодовников В.В.,,,,,,,,,,,,,,,
48S-3.2,Star,22h00,-10.00,15-16.07.1988,10m,2h05,,9x12,Большой Шмидт,Солодовников В.В.,,,,,,,,,,,,,,,
48S-2.3,Star,22h00,-5.00,15-16.07.1988,10m,2h17,,9x12,Большой Шмидт,Солодовников В.В.,,,,,,,,,,,,,,,
48S-3.3,Star,22h00,0.00,15-16.07.1988,10m,2h28,,9x12,Большой Шмидт,Солодовников В.В.,,,,,,,,,,,,,,,
48S-2.4,Star,22h30,-25.00,15-16.07.1988,10m,2h55,,9x12,Большой Шмидт,Солодовников В.В.,,,,,,,,,,,,,,,
48S-3.4,Star,22h30,-20.00,15-16.07.1988,10m,3h06,,9x12,Большой Шмидт,Солодовников В.В.,,,,,,,,,,,,,,,
48S-2.5,Star,22h30,-15.00,15-16.07.1988,10m,3h18,,9x12,Большой Шмидт,Солодовников В.В.,,,,,,,,,,,,,,,
48S-3.5,Star,22h30,-10.00,15-16.07.1988,10m,3h25,,9x12,Большой Шмидт,Солодовников В.В.,,,,,,,,,,,,,,,
48S-2.6,Star,22h30,-5.00,15-16.07.1988,10m,3h41,,9x12,Большой Шмидт,Солодовников В.В.,,,,,,,,,,,,,,,
48S-3.6,Star,22h30,0.00,15-16.07.1988,10m,3h52,,9x12,Большой Шмидт,Солодовников В.В.,,,,,,,,,,,,,,,
48S-2.7,Star,22h30,5.00,15-16.07.1988,10m,4h04,,9x12,Большой Шмидт,Солодовников В.В.,,,,,,,,,,,,,,,
48S-3.7,Star,22h30,10.00,15-16.07.1988,8m,4h15,,9x12,Большой Шмидт,Солодовников В.В.,,,,,,,,,,,,,,,
49S-2.2,Star,22h30,-13.00,16-17.07.1988,,3h15,,9x12,Большой Шмидт,Солодовников В.В.,,,,,,,,,,,,,,,
49S-3.2,Star,22h30,-8.00,16-17.07.1988,,3h31,,9x12,Большой Шмидт,Солодовников В.В.,,,,,,,,,,,,,,,
49S-2.3,Star,22h30,-5.00,16-17.07.1988,,2h44,,9x12,Большой Шмидт,Солодовников В.В.,,,,,,,,,,,,,,,
49S-2.4,Star,23h00,-20.00,16-17.07.1988,,4h03,,9x12,Большой Шмидт,Солодовников В.В.,,,,,,,,,,,,,,,
49S-3.4,Star,23h00,-15.00,16-17.07.1988,,4h21,,9x12,Большой Шмидт,Солодовников В.В.,,,,,,,,,,,,,,,
49S-2.5,Star,23h00,-10.00,16-17.07.1988,,4h31,,9x12,Большой Шмидт,Солодовников В.В.,,,,,,,,,,,,,,,
49S-3.5,Star,23h00,-5.00,16-17.07.1988,,4h41,,9x12,Большой Шмидт,Солодовников В.В.,,,,,,,,,,,,,,,
49S-2.6,Star,23h00,0.00,16-17.07.1988,,5h31,,9x12,Большой Шмидт,Солодовников В.В.,,,,,,,,,,,,,,,
49S-3.6,Star,23h00,5.00,16-17.07.1988,,5h00,,9x12,Большой Шмидт,Солодовников В.В.,,,,,,,,,,,,,,,
51S-2.1,Star,23h05,36.00,23-24.02.1987,10m,22h00,,9x12,Большой Шмидт,Солодовников В.В.,,,,,,,,,,,,,,,
51S-3.1,Star,23h05,36.00,23-24.02.1987,10m,22h11,,9x12,Большой Шмидт,Солодовников В.В.,,,,,,,,,,,,,,,
51S-2.2,Star,7h00,-25.00,23-24.02.1987,10m,22h33,,9x12,Большой Шмидт,Солодовников В.В.,,,,,,,,,,,,,,,
51S-3.2,Star,7h00,-20.00,23-24.02.1987,10m,22h47,,9x12,Большой Шмидт,Солодовников В.В.,,,,,,,,,,,,,,,
51S-2.3,Star,7h00,-15.00,23-24.02.1987,10m,23h01,,9x12,Большой Шмидт,Солодовников В.В.,,,,,,,,,,,,,,,
51S-3.3,Star,7h00,-10.00,23-24.02.1987,10m,23h14,,9x12,Большой Шмидт,Солодовников В.В.,,,,,,,,,,,,,,,
51S-2.4,Star,7h00,-5.00,23-24.02.1987,10m,23h26,,9x12,Большой Шмидт,Солодовников В.В.,,,,,,,,,,,,,,,
51S-3.4,Star,7h00,0.00,23-24.02.1987,10m,23h38,,9x12,Большой Шмидт,Солодовников В.В.,,,,,,,,,,,,,,,
51S-2.5,Star,7h00,5.00,23-24.02.1987,10m,23h50,,9x12,Большой Шмидт,Солодовников В.В.,,,,,,,,,,,,,,,
51S-3.5,Star,7h00,10.00,23-24.02.1987,10m,0h01,,9x12,Большой Шмидт,Солодовников В.В.,,,,,,,,,,,,,,,
51S-2.6,Star,7h00,15.00,23-24.02.1987,10m,0h13,,9x12,Большой Шмидт,Солодовников В.В.,,,,,,,,,,,,,,,
51S-3.6,Star,7h00,20.00,23-24.02.1987,10m,0h26,,9x12,Большой Шмидт,Солодовников В.В.,,,,,,,,,,,,,,,
51S-2.3,Star,7h00,29.00,20-21.02.1987,14m,22h51,,9x12,Большой Шмидт,Солодовников В.В.,,,,,,,,,,,,,,,
51S-3.3,Star,7h00,33.00,20-21.02.1987,14m,23h07,,9x12,Большой Шмидт,Солодовников В.В.,,,,,,,,,,,,,,,
51S-2.4,Star,7h00,45.00,20-21.02.1987,,23h24,,9x12,Большой Шмидт,Солодовников В.В.,,+1grad,,,,,,,,,,,,,
51S-3.4,Star,7h00,50.00,20-21.02.1987,,23h36,,9x12,Большой Шмидт,Солодовников В.В.,,+1grad,,,,,,,,,,,,,
51S-3.4,Star,16h00,-3.00,26-27.07.1987,10m,3h30,,9x12,Большой Шмидт,Солодовников В.В.,"0. пятна, царапина",+1grad,,,,,,,,,,,,,
51S-2.7,Star,7h00,25.00,23-24.02.1987,10m,0h44,,9x12,Большой Шмидт,Солодовников В.В.,,,,,,,,,,,,,,,
51S-3.7,Star,7h00,30.00,23-24.02.1987,10m,0h57,,9x12,Большой Шмидт,Солодовников В.В.,,,,,,,,,,,,,,,
51S-2.8,Star,7h00,35.00,23-24.02.1987,10m,1h10,,9x12,Большой Шмидт,Солодовников В.В.,,,,,,,,,,,,,,,
51S-3.8,Star,7h00,40.00,23-24.02.1987,10m,1h23,,9x12,Большой Шмидт,Солодовников В.В.,,,,,,,,,,,,,,,
52S-2.1-397,Halley,16h32,-11.00,10-11.05.1986,12m,UT16h08,,9x12,Большой Шмидт,Солодовников В.В.,,time obs in  ut,,,,,,,,,,,,,
52S-3.1-398,Halley,16h32,-11.00,10-11.05.1986,12m,UT16h24,,9x12,Большой Шмидт,Солодовников В.В.,,,,,,,,,,,,,,,
52S-2.2-399,Halley,16h32,-11.00,10-11.05.1986,12m,UT16h24,,9x12,Большой Шмидт,Солодовников В.В.,,,,,,,,,,,,,,,
52S-3.2-400,Halley,16h32,-11.00,10-11.05.1986,12m,UT16h48,,9x12,Большой Шмидт,Солодовников В.В.,,,,,,,,,,,,,,,
52S-2.3-401,Halley,16h32,-11.00,10-11.05.1986,12m,UT17h03,,9x12,Большой Шмидт,Солодовников В.В.,,,,,,,,,,,,,,,
52S-3.3-402,Halley,16h32,-11.00,10-11.05.1986,12m,UT17h26,,9x12,Большой Шмидт,Солодовников В.В.,,,,,,,,,,,,,,,
52S-st,Del,,,10-11.05.1986,12m,UT17h33,,9x12,Большой Шмидт,Солодовников В.В.,,,,,,,,,,,,,,,
53S-2.1-391,Halley,10h37,-13.00,08-09.05.1986,15m,UT16h08,,9x12,Большой Шмидт,Солодовников В.В.,,,,,,,,,,,,,,,
53S-3.1-392,Halley,10h37,-13.00,08-09.05.1986,15m,UT16h27,,9x12,Большой Шмидт,Солодовников В.В.,,,,,,,,,,,,,,,
53S-2.2-393,Halley,10h37,-13.00,08-09.05.1986,15m,UT16h52,,9x12,Большой Шмидт,Солодовников В.В.,,,,,,,,,,,,,,,
53S-3.2-394,Halley,10h37,-13.00,08-09.05.1986,15m,UT17h09,,9x12,Большой Шмидт,Солодовников В.В.,,,,,,,,,,,,,,,
53S-2.3-395,Halley,10h37,-13.00,08-09.05.1986,15m,UT17h32,,9x12,Большой Шмидт,Солодовников В.В.,,,,,,,,,,,,,,,
53S-3.3-396,Halley,10h37,-13.00,08-09.05.1986,15m,UT17h50,,9x12,Большой Шмидт,Солодовников В.В.,,,,,,,,,,,,,,,
53S-st,Del,,,08-09.05.1986,15m,UT19h55,,9x12,Большой Шмидт,Солодовников В.В.,,,,,,,,,,,,,,,
53S-cal,Calibrovka,,,08-09.05.1986,,,,9x12,Большой Шмидт,Солодовников В.В.,,,,,,,,,,,,,,,
54S-2.1-383,Halley,,,04-05.05.1986,14m,UT15h55,,9x12,Большой Шмидт,Солодовников В.В.,,,,,,,,,,,,,,,
54S-3.1-384,Halley,,,04-05.05.1986,15m,UT16h14,,9x12,Большой Шмидт,Солодовников В.В.,,,,,,,,,,,,,,,
54S-2.2-385,Halley,,,04-05.05.1986,15m,UT16h44,,9x12,Большой Шмидт,Солодовников В.В.,,,,,,,,,,,,,,,
54S-3.2-386,Halley,,,04-05.05.1986,15m,UT17h03,,9x12,Большой Шмидт,Солодовников В.В.,,,,,,,,,,,,,,,
54S-2.3-387,Halley,,,04-05.05.1986,15m,UT17h35,,9x12,Большой Шмидт,Солодовников В.В.,,,,,,,,,,,,,,,
54S-3.3-388,Halley,,,04-05.05.1986,15m,UT17h55,,9x12,Большой Шмидт,Солодовников В.В.,,,,,,,,,,,,,,,
54S-cal,Calibrovka,,,,,,,9x12,Большой Шмидт,Солодовников В.В.,,,,,,,,,,,,,,,
54S-st,Del,,,04-05.05.1986,15m,,,9x12,Большой Шмидт,Солодовников В.В.,,,,,,,,,,,,,,,
55S-2.1,Halley,10h34,-11.57,11-12.05.1986,12m,UT16h08,,9x12,Большой Шмидт,Солодовников В.В.,,,,,,,,,,,,,,,
55S-3.1,Halley,10h34,-11.57,11-12.05.1986,12m,UT16h34,,9x12,Большой Шмидт,Солодовников В.В.,,,,,,,,,,,,,,,
55S-2.2,Halley,10h34,-11.57,11-12.05.1986,12m,UT16h46,,9x12,Большой Шмидт,Солодовников В.В.,,,,,,,,,,,,,,,
55S-3.2,Halley,10h34,-11.57,11-12.05.1986,12m,UT17h12,,9x12,Большой Шмидт,Солодовников В.В.,,,,,,,,,,,,,,,
55S-2.3,Halley,10h34,-11.57,11-12.05.1986,12m,UT17h29,,9x12,Большой Шмидт,Солодовников В.В.,,,,,,,,,,,,,,,
55S-3.3,Halley,10h34,-11.57,11-12.05.1986,12m,UT17h43,,9x12,Большой Шмидт,Солодовников В.В.,,,,,,,,,,,,,,,
55S-cal1,Calibrovka,,,11-12.05.1986,,,,9x12,Большой Шмидт,Солодовников В.В.,,,,,,,,,,,,,,,
55S-cal2,Calibrovka,,,11-12.05.1986,,,,9x12,Большой Шмидт,Солодовников В.В.,,,,,,,,,,,,,,,
55S-st,Del,,,11-12.05.1986,12m,UT19h42,,9x12,Большой Шмидт,Солодовников В.В.,,,,,,,,,,,,,,,
56S-2.1-376,Halley,10h44,-15.42,03-04.05.1986,15m,UT16h09,,9x12,Большой Шмидт,Солодовников В.В.,,,,,,,,,,,,,,,
56S-3.1-377,Halley,10h44,-15.42,03-04.05.1986,15m,UT16h26,,9x12,Большой Шмидт,Солодовников В.В.,,,,,,,,,,,,,,,
56S-2.2-378,Halley,10h44,-15.42,03-04.05.1986,15m,UT16h52,,9x12,Большой Шмидт,Солодовников В.В.,,,,,,,,,,,,,,,
56S-3.2-379,Halley,10h44,-15.42,03-04.05.1986,15m,UT17h11,,9x12,Большой Шмидт,Солодовников В.В.,,,,,,,,,,,,,,,
56S-2.3-380,Halley,10h44,-15.42,03-04.05.1986,15m,UT17h36,,9x12,Большой Шмидт,Солодовников В.В.,,,,,,,,,,,,,,,
56S-3.3-381,Halley,10h44,-15.42,03-04.05.1986,15m,UT17h52,,9x12,Большой Шмидт,Солодовников В.В.,,,,,,,,,,,,,,,
56S-2.4-382,Halley,10h44,-15.42,03-04.05.1986,15m,UT18h16,,9x12,Большой Шмидт,Солодовников В.В.,,,,,,,,,,,,,,,
56S-st,Del,,,03-04.05.1986,15m,UT20h39,,9x12,Большой Шмидт,Солодовников В.В.,,,,,,,,,,,,,,,
56S-cal1,Calibrovka,,,03-04.05.1986,,,,9x12,Большой Шмидт,Солодовников В.В.,,,,,,,,,,,,,,,
56S-cal2,Calibrovka,,,03-04.05.1986,,,,9x12,Большой Шмидт,Солодовников В.В.,,,,,,,,,,,,,,,
57S-2.1-371,Halley,10h52,-17.39,01-02.05.1986,15m,UT15h51,,9x12,Большой Шмидт,Солодовников В.В.,,,,,,,,,,,,,,,
57S-st,Del,,,01-02.05.1986,15m,UT20h08,,9x12,Большой Шмидт,Солодовников В.В.,,,,,,,,,,,,,,,
57S-3.1-372,Halley,10h52,-17.39,01-02.05.1986,15m,UT16h38,,9x12,Большой Шмидт,Солодовников В.В.,,,,,,,,,,,,,,,
57S-2.2-373,Halley,10h52,-17.39,01-02.05.1986,15m,UT17h18,,9x12,Большой Шмидт,Солодовников В.В.,,,,,,,,,,,,,,,
57S-3.2-374,Halley,10h52,-17.39,01-02.05.1986,15m,UT17h38,,9x12,Большой Шмидт,Солодовников В.В.,,,,,,,,,,,,,,,
57S-2.3-375,Halley,10h52,-17.39,01-02.05.1986,15m,UT18h02,,9x12,Большой Шмидт,Солодовников В.В.,,,,,,,,,,,,,,,
57S-cal,Calibrovka,,,01-02.05.1986,,,,9x12,Большой Шмидт,Солодовников В.В.,,,,,,,,,,,,,,,
58S-2.1-389,Halley,,,05-06.05.1986,15m,UT17h47,,9x12,Большой Шмидт,Солодовников В.В.,,,,,,,,,,,,,,,
58S-3.1-390,Halley,,,05-06.05.1986,15m,UT18h05,,9x12,Большой Шмидт,Солодовников В.В.,,,,,,,,,,,,,,,
58S-st,Del,,,05-06.05.1986,15m,UT19h20,,9x12,Большой Шмидт,Солодовников В.В.,,,,,,,,,,,,,,,
58S-cal,Calibrovka,,,05-06.05.1986,,,,9x12,Большой Шмидт,Солодовников В.В.,,,,,,,,,,,,,,,
59S-310,Halley,,,30-31.12.1985,21m,19h42,,9x12,Большой Шмидт,Солодовников В.В.,,,,,,,,,,,,,,,
59S-311,Halley,,,30-31.12.1985,21m,20h07,,9x12,Большой Шмидт,Солодовников В.В.,,,,,,,,,,,,,,,
59S-312,Halley,,,30-31.12.1985,,21h02,,9x12,Большой Шмидт,Солодовников В.В.,,,,,,,,,,,,,,,
59S-315,Halley,,,31.12.1985-01.01.1986,,20h20,,9x12,Большой Шмидт,Солодовников В.В.,,,,,,,,,,,,,,,
59S-314,Halley,,,31.12.1985-01.01.1986,,19h49,,9x12,Большой Шмидт,Солодовников В.В.,,,,,,,,,,,,,,,
59S-316,Halley,,,31.12.1985-01.01.1986,,20h46,,9x12,Большой Шмидт,Солодовников В.В.,,,,,,,,,,,,,,,
59S-313-st,Del,,,31.12.1985-01.01.1986,24m,19h16,,9x12,Большой Шмидт,Солодовников В.В.,,,,,,,,,,,,,,,
59S-cal1,Calibrovka,,,31.12.1985-01.01.1986,,,,9x12,Большой Шмидт,Солодовников В.В.,,,,,,,,,,,,,,,
60S-2.1-318,Halley,,,01-02.01.1986,15m,19h36,,9x12,Большой Шмидт,Солодовников В.В.,,,,,,,,,,,,,,,
60S-2.2-320,Halley,,,01-02.01.1986,21m,20h22,,9x12,Большой Шмидт,Солодовников В.В.,,,,,,,,,,,,,,,
60S-321,Halley,,,01-02.01.1986,,20h41,,9x12,Большой Шмидт,Солодовников В.В.,,,,,,,,,,,,,,,
60S-325,Halley,,,02-03.01.1986,,20h22,,9x12,Большой Шмидт,Солодовников В.В.,,,,,,,,,,,,,,,
60S-3.1-319,Halley,,,01-02.01.1986,21m,19h58,,9x12,Большой Шмидт,Солодовников В.В.,,,,,,,,,,,,,,,
60S-st1,Del,,,01-02.01.1986,,,,9x12,Большой Шмидт,Солодовников В.В.,,,,,,,,,,,,,,,
60S-st2,Del,,,01-02.01.1986,24m,19h09,,9x12,Большой Шмидт,Солодовников В.В.,,,,,,,,,,,,,,,
60S-cal,Calibrovka,,,01-02.01.1986,,,,9x12,Большой Шмидт,Солодовников В.В.,,,,,,,,,,,,,,,
61S-2.1-328,Halley,22h19,-2.05,03-04.01.1986,30m,19h36,,9x12,Большой Шмидт,Солодовников В.В.,,,,,,,,,,,,,,,
61S-3.1-329,Halley,22h19,-2.05,03-04.01.1986,30m,20h08,,9x12,Большой Шмидт,Солодовников В.В.,,,,,,,,,,,,,,,
61S-2.1-323,Halley,22h19,-2.05,02-03.01.1986,,19h33,,9x12,Большой Шмидт,Солодовников В.В.,,,,,,,,,,,,,,,
61S-3.1-324,Halley,22h19,-2.05,02-03.01.1986,,19h56,,9x12,Большой Шмидт,Солодовников В.В.,,,,,,,,,,,,,,,
61S-322-st1,Del,,,02-03.01.1986,,19h06,,9x12,Большой Шмидт,Солодовников В.В.,,,,,,,,,,,,,,,
61S-326-st2,Ori,,,02-03.01.1986,,23h43,,9x12,Большой Шмидт,Солодовников В.В.,,,,,,,,,,,,,,,
61S-327-st3,Del,,,03-04.01.1986,30m,18h59,,9x12,Большой Шмидт,Солодовников В.В.,,,,,,,,,,,,,,,
61S-cal1,Calibrovka,,,02-03.01.1986,,,,9x12,Большой Шмидт,Солодовников В.В.,,,,,,,,,,,,,,,
61S-cal2,Calibrovka,,,03-04.01.1986,7m,,,9x12,Большой Шмидт,Солодовников В.В.,,,,,,,,,,,,,,,
62S-331,Halley,22h07,-3.15,04-05.01.1986,,19h25,,9x12,Большой Шмидт,Солодовников В.В.,,,,,,,,,,,,,,,
62S-332,Halley,22h07,-3.15,04-05.01.1986,,19h48,,9x12,Большой Шмидт,Солодовников В.В.,,,,,,,,,,,,,,,
62S-344,Halley,22h01,-3.54,07-08.01.1986,15m,19h38,,9x12,Большой Шмидт,Солодовников В.В.,,,,,,,,,,,,,,,
62S-345,Halley,22h01,-3.54,07-08.01.1986,10m,19h55,,9x12,Большой Шмидт,Солодовников В.В.,,,,,,,,,,,,,,,
62S-2.1,Halley,,,09-10.01.1986,15m,DT19h09,,9x12,Большой Шмидт,Солодовников В.В.,,,,,,,,,,,,,,,
62S-3.1,Halley,,,09-10.01.1986,15m,DT19h31,,9x12,Большой Шмидт,Солодовников В.В.,,,,,,,,,,,,,,,
62S-cal1,Calibrovka,,,04-05.01.1986,,,,9x12,Большой Шмидт,Солодовников В.В.,,,,,,,,,,,,,,,
62S-cal2,Calibrovka,,,07-08.01.1986,,,,9x12,Большой Шмидт,Солодовников В.В.,,,,,,,,,,,,,,,
62S-330-st1,Del,,,04-05.01.1986,,18h54,,9x12,Большой Шмидт,Солодовников В.В.,,,,,,,,,,,,,,,
62S-346-st2,Del,,,07-08.01.1986,15m,23h22,,9x12,Большой Шмидт,Солодовников В.В.,,,,,,,,,,,,,,,
62S-333,Halley,,,04-05.01.1986,,20h11,,9x12,Большой Шмидт,Солодовников В.В.,,,,,,,,,,,,,,,
63S-st,Pleiades,,,05-06.09.1986,40m,3h46,,9x12,Большой Шмидт,Солодовников В.В.,,,,,,,,,,,,,,,
63S-3.10,NGC1499,04h03,36.25,05-06.09.1986,40m,5h30,,9x12,Большой Шмидт,Солодовников В.В.,,,,,,,,,,,,,,,
63S-3.11,NGC7000,20h59,44.20,05-06.09.1986,40m,5h30,,9x12,Большой Шмидт,Солодовников В.В.,,,,,,,,,,,,,,,
64S-2.1,Star,-14h35,-13.50,03-04.07.1989,10m,,,9x12,Большой Шмидт,Солодовников В.В.,,,,,,,,,,,,,,,
64S-3.1,Star,-14h35,-10.00,03-04.07.1989,10m,,,9x12,Большой Шмидт,Солодовников В.В.,,,,,,,,,,,,,,,
64S-2.2,Star,-14h35,40.00,03-04.07.1989,10m,,,9x12,Большой Шмидт,Солодовников В.В.,,,,,,,,,,,,,,,
64S-3.2,Star,-14h35,-44.00,03-04.07.1989,10m,,,9x12,Большой Шмидт,Солодовников В.В.,,,,,,,,,,,,,,,
64S-2.3,Star,-14h47,40.00,03-04.07.1989,10m,,,9x12,Большой Шмидт,Солодовников В.В.,,,,,,,,,,,,,,,
64S-3.3,Star,-14h47,-44.00,03-04.07.1989,10m,,,9x12,Большой Шмидт,Солодовников В.В.,,,,,,,,,,,,,,,
64S-2.4,Star,23h34,1.00,03-04.07.1989,10m,,,9x12,Большой Шмидт,Солодовников В.В.,,,,,,,,,,,,,,,
64S-3.4,Star,23h34,-44.00,03-04.07.1989,10m,,,9x12,Большой Шмидт,Солодовников В.В.,,,,,,,,,,,,,,,
65S-2.1,Star,0h00,-5.00,20-21.10.1988,15m,,,9x12,Большой Шмидт,Солодовников В.В.,,,,,,,,,,,,,,,
65S-3.1,Star,0h00,-5.00,20-21.10.1988,14m,,,9x12,Большой Шмидт,Солодовников В.В.,,,,,,,,,,,,,,,
65S-2.2,Star,0h04,51.00,20-21.10.1988,10m,,,9x12,Большой Шмидт,Солодовников В.В.,,,,,,,,,,,,,,,
65S-3.2,Star,0h04,51.30,20-21.10.1988,11m,,,9x12,Большой Шмидт,Солодовников В.В.,,,,,,,,,,,,,,,
65S-2.3,Star,1h00,36.00,20-21.10.1988,11m,,,9x12,Большой Шмидт,Солодовников В.В.,,,,,,,,,,,,,,,
65S-3.3,Star,1h00,36.00,20-21.10.1988,10m,,,9x12,Большой Шмидт,Солодовников В.В.,,,,,,,,,,,,,,,
65S-2.4,Star,1h00,30.00,20-21.10.1988,10m,,,9x12,Большой Шмидт,Солодовников В.В.,,,,,,,,,,,,,,,
65S-3.8,Star,1h08,5.00,20-21.10.1988,14m,,,9x12,Большой Шмидт,Солодовников В.В.,,,,,,,,,,,,,,,
65S-2.8,Star,1h00,-20.00,19-20.10.1988,8m,,,9x12,Большой Шмидт,Солодовников В.В.,,,,,,,,,,,,,,,
65S-3.4,Star,1h00,15.00,19-20.10.1988,10m,,,9x12,Большой Шмидт,Солодовников В.В.,,,,,,,,,,,,,,,
66S-2.1,Star,0h15,-5.00,19-20.10.1988,10m,,,9x12,Большой Шмидт,Солодовников В.В.,,,,,,,,,,,,,,,
66S-3.1,Star,0h00,20.00,19-20.10.1988,8m,,,9x12,Большой Шмидт,Солодовников В.В.,,,,,,,,,,,,,,,
66S-2.2,Star,0h00,25.00,19-20.10.1988,8m,,,9x12,Большой Шмидт,Солодовников В.В.,,,,,,,,,,,,,,,
66S-3.2,Star,0h00,30.00,19-20.10.1988,9m,,,9x12,Большой Шмидт,Солодовников В.В.,,,,,,,,,,,,,,,
66S-2.3,Star,0h00,35.00,19-20.10.1988,8m,,,9x12,Большой Шмидт,Солодовников В.В.,,,,,,,,,,,,,,,
66S-3.3,Star,0h00,40.00,19-20.10.1988,8m,,,9x12,Большой Шмидт,Солодовников В.В.,,,,,,,,,,,,,,,
66S-2.4,Star,0h00,45.00,19-20.10.1988,8m,,,9x12,Большой Шмидт,Солодовников В.В.,,,,,,,,,,,,,,,
66S-3.4,Star,0h00,50.00,19-20.10.1988,8m,,,9x12,Большой Шмидт,Солодовников В.В.,,,,,,,,,,,,,,,
66S-2.5,Star,1h00,50.00,19-20.10.1988,8m,,,9x12,Большой Шмидт,Солодовников В.В.,,,,,,,,,,,,,,,
66S-3.5,Star,1h00,45.00,19-20.10.1988,8m,,,9x12,Большой Шмидт,Солодовников В.В.,,,,,,,,,,,,,,,
66S-2.6,Star,1h00,40.00,19-20.10.1988,8m,,,9x12,Большой Шмидт,Солодовников В.В.,,,,,,,,,,,,,,,
66S-3.6,Star,1h00,35.00,19-20.10.1988,10m,,,9x12,Большой Шмидт,Солодовников В.В.,,,,,,,,,,,,,,,
66S-2.7,Star,1h00,30.00,19-20.10.1988,8m,,,9x12,Большой Шмидт,Солодовников В.В.,,,,,,,,,,,,,,,
66S-3.7,Star,1h00,25.00,19-20.10.1988,7m,,,9x12,Большой Шмидт,Солодовников В.В.,,,,,,,,,,,,,,,
67S-2.1,Star,16h00,-20.00,01-02.07.1989,10m,,,9x12,Большой Шмидт,Солодовников В.В.,,,,,,,,,,,,,,,
67S-3.1,Star,16h00,-15.00,01-02.07.1989,10m,,,9x12,Большой Шмидт,Солодовников В.В.,,,,,,,,,,,,,,,
67S-2.2,Star,16h00,-10.00,01-02.07.1989,10m,,,9x12,Большой Шмидт,Солодовников В.В.,,,,,,,,,,,,,,,
67S-3.2,Star,16h00,-5.00,01-02.07.1989,9.5m,,,9x12,Большой Шмидт,Солодовников В.В.,,,,,,,,,,,,,,,
67S-2.3,Star,16h00,0.00,01-02.07.1989,10m,,,9x12,Большой Шмидт,Солодовников В.В.,,,,,,,,,,,,,,,
67S-3.3,Star,16h30,-15.00,01-02.07.1989,10m,,,9x12,Большой Шмидт,Солодовников В.В.,,,,,,,,,,,,,,,
67S-2.4,Star,21h53,-10.00,14-15.07.1986,,,,9x12,Большой Шмидт,Солодовников В.В.,,,,,,,,,,,,,,,
67S-3.3,Star,21h57,24.00,14-15.07.1986,,,,9x12,Большой Шмидт,Солодовников В.В.,,,,,,,,,,,,,,,
67S-1,Halley,,,21-22.03.1986,,,,9x12,Большой Шмидт,Солодовников В.В.,,,,,,,,,,,,,,,
67S-2-st,Del,,,21-22.03.1986,,,,9x12,Большой Шмидт,Солодовников В.В.,,,,,,,,,,,,,,,
68S-2.1,Star,0h07,-25.00,18-19.10.1988,9m,,,9x12,Большой Шмидт,Солодовников В.В.,,,,,,,,,,,,,,,
68S-3.1,Star,0h00,-20.00,18-19.10.1988,8m,,,9x12,Большой Шмидт,Солодовников В.В.,,,,,,,,,,,,,,,
68S-2.2,Star,0h00,-15.00,18-19.10.1988,8m,,,9x12,Большой Шмидт,Солодовников В.В.,,,,,,,,,,,,,,,
68S-3.2,Star,0h00,-10.00,18-19.10.1988,9m,,,9x12,Большой Шмидт,Солодовников В.В.,,,,,,,,,,,,,,,
68S-2.3,Star,0h00,-5.00,18-19.10.1988,8m,,,9x12,Большой Шмидт,Солодовников В.В.,,,,,,,,,,,,,,,
68S-3.3,Star,0h00,0.00,18-19.10.1988,8m,,,9x12,Большой Шмидт,Солодовников В.В.,,,,,,,,,,,,,,,
68S-2.4,Star,0h00,5.00,18-19.10.1988,8m,,,9x12,Большой Шмидт,Солодовников В.В.,,,,,,,,,,,,,,,
68S-3.4,Star,0h00,10.00,18-19.10.1988,8m,,,9x12,Большой Шмидт,Солодовников В.В.,,,,,,,,,,,,,,,
68S-2.5,Star,0h00,15.00,18-19.10.1988,8m,,,9x12,Большой Шмидт,Солодовников В.В.,,,,,,,,,,,,,,,
69S-2.1,Star,14h36,-10.00,05-06.07.1989,10m,,,9x12,Большой Шмидт,Солодовников В.В.,,,,,,,,,,,,,,,
69S-3.1,Star,14h36,-15.00,05-06.07.1989,10m,,,9x12,Большой Шмидт,Солодовников В.В.,,,,,,,,,,,,,,,
69S-2.3,Star,18h00,-20.00,05-06.07.1989,10m,,,9x12,Большой Шмидт,Солодовников В.В.,,,,,,,,,,,,,,,
69S-3.3,Star,18h00,-15.00,05-06.07.1989,10m,,,9x12,Большой Шмидт,Солодовников В.В.,,,,,,,,,,,,,,,
69S-2.4,Star,18h00,-10.00,05-06.07.1989,10m,,,9x12,Большой Шмидт,Солодовников В.В.,,,,,,,,,,,,,,,
69S-3.4,Star,18h16,-10.00,05-06.07.1989,10m,,,9x12,Большой Шмидт,Солодовников В.В.,,,,,,,,,,,,,,,
69S-2.5,Star,18h16,-14.00,05-06.07.1989,10m,,,9x12,Большой Шмидт,Солодовников В.В.,,,,,,,,,,,,,,,
69S-3.5,Star,18h16,-18.00,05-06.07.1989,10m,,,9x12,Большой Шмидт,Солодовников В.В.,,,,,,,,,,,,,,,
70S-2.2,del-Cap,21h44,-16.21,17-18.07.1986,,,,9x12,Большой Шмидт,Солодовников В.В.,,,,,,,,,,,,,,,
70S-1-st,Del,,,17-18.07.1986,,,,9x12,Большой Шмидт,Солодовников В.В.,,,,,,,,,,,,,,,
70S-2-st,Del,,,17-18.07.1986,,,,9x12,Большой Шмидт,Солодовников В.В.,,,,,,,,,,,,,,,
70S-3.1,Star,13h00,0.00,07-08.05.1987,12m,,,9x12,Большой Шмидт,Солодовников В.В.,,,,,,,,,,,,,,,
70S-2.1,zet-Aqr,22h29,-0.01,06-07.07.1987,10m,,,9x12,Большой Шмидт,Солодовников В.В.,,,,,,,,,,,,,,,
70S-3.1,sig-Sgr,18h55,-26.00,06-07.07.1987,10m,,,9x12,Большой Шмидт,Солодовников В.В.,,,,,,,,,,,,,,,
70S-2.2,gam-Del,20h46,16.07,02-03.07.1987,10m,,,9x12,Большой Шмидт,Солодовников В.В.,,,,,,,,,,,,,,,
70S-3.2,eta-Del,20h34,13.07,02-03.07.1987,10m,,,9x12,Большой Шмидт,Солодовников В.В.,,,,,,,,,,,,,,,
70S-3.3,Trifid-lagoon,,,02-03.07.1987,,,,9x12,Большой Шмидт,Солодовников В.В.,,,,,,,,,,,,,,,
70S-3.3,NGC281,00 49 29,56 17 37,06-07.07.1987,,,,9x12,Большой Шмидт,Солодовников В.В.,,,,,,,,,,,,,,,
70S-1,alf-Cyg,20h40,45.06,11-12.11.1985,40m,21h55,22h35,9x12,Большой Шмидт,Солодовников В.В.,,,,,,,,,,,,,,,
70S-2,gam-Cyg,20h20,40.05,11-12.11.1985,40m,23h15,23h55,9x12,Большой Шмидт,Солодовников В.В.,,,,,,,,,,,,,,,
70S-4,alf-Cyg,20h40,45.06,11-12.11.1985,40m,,,9x12,Большой Шмидт,Солодовников В.В.,,,,,,,,,,,,,,,
70S-3,gam-Cyg,20h20,40.05,11-12.11.1985,40m,,,9x12,Большой Шмидт,Солодовников В.В.,,,,,,,,,,,,,,,
70S-9-st,Del,,,11-12.11.1985,,,,9x12,Большой Шмидт,Солодовников В.В.,,,,,,,,,,,,,,,
70S-10-st,Del,,,11-12.11.1985,,,,9x12,Большой Шмидт,Солодовников В.В.,,,,,,,,,,,,,,,
70S-8-st,Del,,,11-12.11.1985,,,,9x12,Большой Шмидт,Солодовников В.В.,,,,,,,,,,,,,,,
70S-5-cal,Calibrovka,,,11-12.11.1985,,,,9x12,Большой Шмидт,Солодовников В.В.,,,,,,,,,,,,,,,
70S-6-cal,Calibrovka,,,11-12.11.1985,,,,9x12,Большой Шмидт,Солодовников В.В.,,,,,,,,,,,,,,,
70S-7-cal,Calibrovka,,,11-12.11.1985,,,,9x12,Большой Шмидт,Солодовников В.В.,,,,,,,,,,,,,,,
71S-2.1,Star,3h00,-28.00,17-18.11.1988,,,,9x12,Большой Шмидт,Солодовников В.В.,0. темно,,,,,,,,,,,,,,
71S-3.1,Star,3h00,-18.00,17-18.11.1988,,,,9x12,Большой Шмидт,Солодовников В.В.,,,,,,,,,,,,,,,
71S-2.2,Star,3h00,-5.00,17-18.11.1988,,,,9x12,Большой Шмидт,Солодовников В.В.,,,,,,,,,,,,,,,
71S-3.2,Star,3h00,-2.50,17-18.11.1988,,,,9x12,Большой Шмидт,Солодовников В.В.,0. разводы,,,,,,,,,,,,,,
71S-2.7,Star,3h00,73.00,17-18.11.1988,,,,9x12,Большой Шмидт,Солодовников В.В.,,,,,,,,,,,,,,,
71S-3.7,Star,3h00,87.50,17-18.11.1988,,,,9x12,Большой Шмидт,Солодовников В.В.,,,,,,,,,,,,,,,
71S-2.8,Star,3h00,87.50,17-18.11.1988,,,,9x12,Большой Шмидт,Солодовников В.В.,,,,,,,,,,,,,,,
71S-3.8,Star,3h00,49.00,17-18.11.1988,,,,9x12,Большой Шмидт,Солодовников В.В.,,,,,,,,,,,,,,,
71S-2.1,Star,3h00,-30.00,16-17.11.1988,,,,9x12,Большой Шмидт,Солодовников В.В.,,,,,,,,,,,,,,,
71S-3.1,Star,3h00,-25.00,16-17.11.1988,,,,9x12,Большой Шмидт,Солодовников В.В.,,,,,,,,,,,,,,,
71S-2.2,Star,3h00,-20.00,16-17.11.1988,,,,9x12,Большой Шмидт,Солодовников В.В.,,,,,,,,,,,,,,,
71S-3.2,Star,3h00,-15.00,16-17.11.1988,,,,9x12,Большой Шмидт,Солодовников В.В.,,,,,,,,,,,,,,,
72S-3.3,Star,3h00,-5.00,16-17.11.1988,8m,,,9x12,Большой Шмидт,Солодовников В.В.,,,,,,,,,,,,,,,
72S-2.4,Star,3h00,0.00,16-17.11.1988,8m,,,9x12,Большой Шмидт,Солодовников В.В.,,,,,,,,,,,,,,,
72S-3.4,Star,3h00,5.00,16-17.11.1988,9m,,,9x12,Большой Шмидт,Солодовников В.В.,,,,,,,,,,,,,,,
72S-2.5,Star,3h00,10.00,16-17.11.1988,10m,,,9x12,Большой Шмидт,Солодовников В.В.,,,,,,,,,,,,,,,
72S-3.5,Star,3h00,15.00,16-17.11.1988,8m,,,9x12,Большой Шмидт,Солодовников В.В.,,,,,,,,,,,,,,,
72S-2.6,Star,3h00,20.00,16-17.11.1988,8m,,,9x12,Большой Шмидт,Солодовников В.В.,,,,,,,,,,,,,,,
72S-3.6,Star,3h00,25.00,16-17.11.1988,8m,,,9x12,Большой Шмидт,Солодовников В.В.,,,,,,,,,,,,,,,
72S-2.7,Star,3h00,30.00,16-17.11.1988,11m,,,9x12,Большой Шмидт,Солодовников В.В.,,,,,,,,,,,,,,,
72S-3.7,Star,3h00,35.00,16-17.11.1988,10m,,,9x12,Большой Шмидт,Солодовников В.В.,,,,,,,,,,,,,,,
72S-3.8,Star,3h00,40.00,16-17.11.1988,,,,9x12,Большой Шмидт,Солодовников В.В.,0. разводы,,,,,,,,,,,,,,
72S-2.9,Star,3h00,45.00,16-17.11.1988,11m,,,9x12,Большой Шмидт,Солодовников В.В.,,,,,,,,,,,,,,,
72S-3.9,Star,3h00,55.00,16-17.11.1988,10m,,,9x12,Большой Шмидт,Солодовников В.В.,,,,,,,,,,,,,,,
72S-2.10,Star,3h00,50.00,16-17.11.1988,,,,9x12,Большой Шмидт,Солодовников В.В.,,,,,,,,,,,,,,,
72S-3.10,Star,3h00,65.00,16-17.11.1988,,,,9x12,Большой Шмидт,Солодовников В.В.,,,,,,,,,,,,,,,
72S-2.11,Star,3h00,70.00,16-17.11.1988,8m,,,9x12,Большой Шмидт,Солодовников В.В.,,,,,,,,,,,,,,,
72S-3.11,Star,3h00,75.00,16-17.11.1988,8m,,,9x12,Большой Шмидт,Солодовников В.В.,,,,,,,,,,,,,,,
72S-2.12,Star,3h00,80.00,16-17.11.1988,,,,9x12,Большой Шмидт,Солодовников В.В.,0. скол,,,,,,,,,,,,,,
72S-3.12,Star,3h00,85.00,16-17.11.1988,,,,9x12,Большой Шмидт,Солодовников В.В.,,,,,,,,,,,,,,,
72S-2.13,Star,3h00,90.00,16-17.11.1988,,,,9x12,Большой Шмидт,Солодовников В.В.,,,,,,,,,,,,,,,
72S-3.13,Star,2h30,50.00,16-17.11.1988,,,,9x12,Большой Шмидт,Солодовников В.В.,,,,,,,,,,,,,,,
72S-2.14,Star,2h30,60.00,16-17.11.1988,,,,9x12,Большой Шмидт,Солодовников В.В.,"0. пятна, засветка",,,,,,,,,,,,,,
72S-3.14,Star,2h30,65.00,16-17.11.1988,,,,9x12,Большой Шмидт,Солодовников В.В.,,,,,,,,,,,,,,,
72S-2.15,Star,3h30,45.00,16-17.11.1988,,,,9x12,Большой Шмидт,Солодовников В.В.,,,,,,,,,,,,,,,
72S-3.15,Star,3h30,50.00,16-17.11.1988,,,,9x12,Большой Шмидт,Солодовников В.В.,,,,,,,,,,,,,,,
72S-2.16,Star,1h30,55.00,16-17.11.1988,,,,9x12,Большой Шмидт,Солодовников В.В.,,,,,,,,,,,,,,,
73S-2.1,Star,7h00,70.00,11-12.03.1989,,,,9x12,Большой Шмидт,Солодовников В.В.,,,,,,,,,,,,,,,
73S-3.1,Star,7h00,75.00,11-12.03.1989,,,,9x12,Большой Шмидт,Солодовников В.В.,,,,,,,,,,,,,,,
73S-2.2,Star,7h00,80.00,11-12.03.1989,,,,9x12,Большой Шмидт,Солодовников В.В.,,,,,,,,,,,,,,,
73S-3.2,Star,7h00,85.00,11-12.03.1989,,,,9x12,Большой Шмидт,Солодовников В.В.,,,,,,,,,,,,,,,
73S-2.3,Star,7h00,90.00,11-12.03.1989,,,,9x12,Большой Шмидт,Солодовников В.В.,,,,,,,,,,,,,,,
73S-3.3,Star,7h00,70.00,11-12.03.1989,,,,9x12,Большой Шмидт,Солодовников В.В.,,,,,,,,,,,,,,,
73S-3.4,Star,8h00,80.00,11-12.03.1989,,,,9x12,Большой Шмидт,Солодовников В.В.,,,,,,,,,,,,,,,
73S-2.6,Star,9h00,80.00,11-12.03.1989,,,,9x12,Большой Шмидт,Солодовников В.В.,,,,,,,,,,,,,,,
73S-3.6,Star,10h00,70.00,11-12.03.1989,,,,9x12,Большой Шмидт,Солодовников В.В.,,,,,,,,,,,,,,,
73S-2.7,Star,10h00,75.00,11-12.03.1989,,,,9x12,Большой Шмидт,Солодовников В.В.,,,,,,,,,,,,,,,
73S-3.7,Star,10h00,80.00,11-12.03.1989,,,,9x12,Большой Шмидт,Солодовников В.В.,,,,,,,,,,,,,,,
73S-2.8,Star,10h00,85.00,11-12.03.1989,,,,9x12,Большой Шмидт,Солодовников В.В.,,,,,,,,,,,,,,,
73S-3.8,Star,10h00,90.00,11-12.03.1989,,,,9x12,Большой Шмидт,Солодовников В.В.,,,,,,,,,,,,,,,
74S-2.2,Star,10h00,0.00,13-14.03.1989,,,,9x12,Большой Шмидт,Солодовников В.В.,,,,,,,,,,,,,,,
74S-3.2,Star,10h00,5.00,13-14.03.1989,,,,9x12,Большой Шмидт,Солодовников В.В.,,,,,,,,,,,,,,,
74S-2.3,Star,10h00,10.00,13-14.03.1989,,,,9x12,Большой Шмидт,Солодовников В.В.,,,,,,,,,,,,,,,
74S-3.3,Star,10h00,15.00,13-14.03.1989,,,,9x12,Большой Шмидт,Солодовников В.В.,,,,,,,,,,,,,,,
74S-2.4,Star,10h00,20.00,13-14.03.1989,,,,9x12,Большой Шмидт,Солодовников В.В.,,,,,,,,,,,,,,,
74S-3.4,Star,10h00,25.00,13-14.03.1989,,,,9x12,Большой Шмидт,Солодовников В.В.,,,,,,,,,,,,,,,
74S-2.5,Star,10h00,30.00,13-14.03.1989,,,,9x12,Большой Шмидт,Солодовников В.В.,,,,,,,,,,,,,,,
74S-3.5,Star,10h00,35.00,13-14.03.1989,,,,9x12,Большой Шмидт,Солодовников В.В.,,,,,,,,,,,,,,,
74S-2.6,Star,10h00,40.00,13-14.03.1989,,,,9x12,Большой Шмидт,Солодовников В.В.,,,,,,,,,,,,,,,
74S-3.6,Star,10h00,45.00,13-14.03.1989,,,,9x12,Большой Шмидт,Солодовников В.В.,,,,,,,,,,,,,,,
75S-334,Halley,,,04-05.01.1986,20m,19h29,,9x12,Большой Шмидт,Солодовников В.В.,,,,,,,,,,,,,,,
75S-335,Halley,,,04-05.01.1986,20m,19h59,,9x12,Большой Шмидт,Солодовников В.В.,,,,,,,,,,,,,,,
75S-337,Halley,,,06-07.01.1986,20m,19h12,,9x12,Большой Шмидт,Солодовников В.В.,,,,,,,,,,,,,,,
75S-338,Halley,,,06-07.01.1986,20m,19h35,,9x12,Большой Шмидт,Солодовников В.В.,,,,,,,,,,,,,,,
75S-339,Halley,,,06-07.01.1986,20m,19h58,,9x12,Большой Шмидт,Солодовников В.В.,,,,,,,,,,,,,,,
75S-340,Halley,,,06-07.01.1986,20m,20h16,,9x12,Большой Шмидт,Солодовников В.В.,,,,,,,,,,,,,,,
75S-336-st,psi-Ori,05h27,03.06,05-06.01.1986,20m,22h50,,9x12,Большой Шмидт,Солодовников В.В.,,,,,,,,,,,,,,,
75S-341-st,psi-Ori,05h27,03.06,06-07.01.1986,20m,22h43,,9x12,Большой Шмидт,Солодовников В.В.,,,,,,,,,,,,,,,
75S-342-st,psi-Ori,05h27,03.06,06-07.01.1986,20m,23h28,,9x12,Большой Шмидт,Солодовников В.В.,,,,,,,,,,,,,,,
75S-343-st,psi-Ori,05h27,03.06,06-07.01.1986,20m,01h28,,9x12,Большой Шмидт,Солодовников В.В.,,,,,,,,,,,,,,,
75S-cal1,Calibrovka,,,06-07.01.1986,7m,,,9x12,Большой Шмидт,Солодовников В.В.,,,,,,,,,,,,,,,
75S-cal2,Calibrovka,,,05-06.01.1986,,,,9x12,Большой Шмидт,Солодовников В.В.,,,,,,,,,,,,,,,
76S-10-3,Tuttle,10h08,37.15,06-07.11.1980,,,,9x12,Большой Шмидт,Солодовников В.В.,,,,,,,,,,,,,,,
76S-10-4,Tuttle,10h10,34.40,08-09.11.1980,,,,9x12,Большой Шмидт,Солодовников В.В.,,,,,,,,,,,,,,,
76S-222-10,Tuttle,10h18,37.15,06-07.11.1980,,,,9x12,Большой Шмидт,Солодовников В.В.,,,,,,,,,,,,,,,
76S-222-11,Tuttle,10h18,37.15,06-07.11.1980,,,,9x12,Большой Шмидт,Солодовников В.В.,,,,,,,,,,,,,,,
76S-215-2,Tuttle,10h16,30.40,11-12.11.1980,,,,9x12,Большой Шмидт,Солодовников В.В.,,,,,,,,,,,,,,,
76S-216-6,Tuttle,10h22,23.53,15-16.11.1980,,,,9x12,Большой Шмидт,Солодовников В.В.,0. засветка,,,,,,,,,,,,,,
76S-11-3,Tuttle,10h10,34.40,08-09.11.1980,,,,9x12,Большой Шмидт,Солодовников В.В.,,,,,,,,,,,,,,,
76S-216-8,Tuttle,10h22,23.53,15-16.11.1980,,,,9x12,Большой Шмидт,Солодовников В.В.,,,,,,,,,,,,,,,
77S-220-8,Oterma,5h31,21.38,04-05.12.1980,,,,9x12,Большой Шмидт,Солодовников В.В.,,,,,,,,,,,,,,,
77S-226-2,Oterma,5h31,24.56,10-11.12.1980,,,,9x12,Большой Шмидт,Солодовников В.В.,,,,,,,,,,,,,,,
77S-226-3,Oterma,5h31,24.56,10-11.12.1980,,,,9x12,Большой Шмидт,Солодовников В.В.,,,,,,,,,,,,,,,
77S-226-9,Oterma,5h31,24.56,10-11.12.1980,,,,9x12,Большой Шмидт,Солодовников В.В.,,,,,,,,,,,,,,,
77S-227-2,Oterma,5h31,26.02,12-13.12.1980,,,,9x12,Большой Шмидт,Солодовников В.В.,,,,,,,,,,,,,,,
77S-2.2,Trifid-lagoon,18h00,-23.00,05-06.07.1989,10m,,,9x12,Большой Шмидт,Солодовников В.В.,0. засвет,,,,,,,,,,,,,,
77S-3.2,Trifid-lagoon,18h00,-23.00,05-06.07.1989,10m,,,9x12,Большой Шмидт,Солодовников В.В.,,,,,,,,,,,,,,,
77S-77986,alf-Cyg,20h21,40.00,20-21.10.1985,20m,,,9x12,Большой Шмидт,Солодовников В.В.,,,,,,,,,,,,,,,
77S-2.2,gam-Cyg,20h45,33.00,06-07.09.1985,,,,9x12,Большой Шмидт,Солодовников В.В.,,,,,,,,,,,,,,,
78S-240-6,Oterma,5h54,43.18,30-31.01.1981,,,,9x12,Большой Шмидт,Солодовников В.В.,,,,,,,,,,,,,,,
78S-243-6,Oterma,6h03,43.53,05-06.02.1981,,,,9x12,Большой Шмидт,Солодовников В.В.,,,,,,,,,,,,,,,
78S-244,Oterma,6h37,44.17,25-26.02.1981,,,,9x12,Большой Шмидт,Солодовников В.В.,,,,,,,,,,,,,,,
78S-245-3,Penther,6h52,87.32,13-14.03.1981,,,,9x12,Большой Шмидт,Солодовников В.В.,,,,,,,,,,,,,,,
78S-245-4,Penther,6h53,87.30,13-14.03.1981,,,,9x12,Большой Шмидт,Солодовников В.В.,,,,,,,,,,,,,,,
78S-248-4,Penther,6h53,87.30,25-26.03.1981,,,,9x12,Большой Шмидт,Солодовников В.В.,,,,,,,,,,,,,,,
78S-248-3,Oterma,5h49,42.50,25-26.03.1981,,,,9x12,Большой Шмидт,Солодовников В.В.,,,,,,,,,,,,,,,
78S-237,Oterma,5h49,42.50,26-27.01.1981,,,,9x12,Большой Шмидт,Солодовников В.В.,,,,,,,,,,,,,,,
79S-6-1,C/1980 O1 (Cernis-Petrauskas),14h30,26.21,03-04.09.1980,,,,9x12,Большой Шмидт,Солодовников В.В.,,,,,,,,,,,,,,,
79S-6-2,C/1980 O1 (Cernis-Petrauskas),14h30,26.21,03-04.09.1980,,,,9x12,Большой Шмидт,Солодовников В.В.,,,,,,,,,,,,,,,
79S-7-1,C/1980 O1 (Cernis-Petrauskas),14h38,25.18,06-07.09.1980,,,,9x12,Большой Шмидт,Солодовников В.В.,,,,,,,,,,,,,,,
79S-7-2,C/1980 O1 (Cernis-Petrauskas),14h38,25.18,06-07.09.1980,,,,9x12,Большой Шмидт,Солодовников В.В.,,,,,,,,,,,,,,,
79S-8-1,C/1980 O1 (Cernis-Petrauskas),14h42,25.02,07-08.09.1980,,,,9x12,Большой Шмидт,Солодовников В.В.,,,,,,,,,,,,,,,
79S-8-2,C/1980 O1 (Cernis-Petrauskas),14h42,25.02,07-08.09.1980,,,,9x12,Большой Шмидт,Солодовников В.В.,,,,,,,,,,,,,,,
80S-10-1,38P(Stephan-Oterma),5h19,8.15,06-07.11.1980,,,,9x12,Большой Шмидт,Солодовников В.В.,,,,,,,,,,,,,,,
80S-11-1,38P(Stephan-Oterma),5h21,9.27,08-09.11.1980,,,,9x12,Большой Шмидт,Солодовников В.В.,,,,,,,,,,,,,,,
80S-11-2,38P(Stephan-Oterma),5h21,9.27,08-09.11.1980,,,,9x12,Большой Шмидт,Солодовников В.В.,,,,,,,,,,,,,,,
80S-214-2,38P(Stephan-Oterma),5h23,10.33,11-12.11.1980,,,,9x12,Большой Шмидт,Солодовников В.В.,,,,,,,,,,,,,,,
80S-214-4,38P(Stephan-Oterma),5h23,10.33,11-12.11.1980,,,,9x12,Большой Шмидт,Солодовников В.В.,,,,,,,,,,,,,,,
80S-216-3,38P(Stephan-Oterma),5h25,12.05,15-16.11.1980,,,,9x12,Большой Шмидт,Солодовников В.В.,,,,,,,,,,,,,,,
80S-9-2,38P(Stephan-Oterma),4h15,0.10,18-19.09.1980,,,,9x12,Большой Шмидт,Солодовников В.В.,,,,,,,,,,,,,,,
80S-9-3,38P(Stephan-Oterma),4h15,0.10,18-19.09.1980,,,,9x12,Большой Шмидт,Солодовников В.В.,,,,,,,,,,,,,,,
80S-9-4,38P(Stephan-Oterma),4h15,0.10,18-19.09.1980,,,,9x12,Большой Шмидт,Солодовников В.В.,,,,,,,,,,,,,,,
81S-226-10,38P(Stephan-Oterma),5h31,24.43,10-11.12.1980,,,,9x12,Большой Шмидт,Солодовников В.В.,,,,,,,,,,,,,,,
81S-230-1,38P(Stephan-Oterma),5h34,37.31,06-07.01.1981,,,,9x12,Большой Шмидт,Солодовников В.В.,,,,,,,,,,,,,,,
81S-230-2,38P(Stephan-Oterma),5h34,37.31,06-07.01.1981,,,,9x12,Большой Шмидт,Солодовников В.В.,,,,,,,,,,,,,,,
81S-230-3,38P(Stephan-Oterma),5h34,37.31,06-07.01.1981,,,,9x12,Большой Шмидт,Солодовников В.В.,,,,,,,,,,,,,,,
81S-232-1,38P(Stephan-Oterma),5h34,37.50,07-08.01.1981,,,,9x12,Большой Шмидт,Солодовников В.В.,,,,,,,,,,,,,,,
81S-232-2,38P(Stephan-Oterma),5h34,37.50,07-08.01.1981,,,,9x12,Большой Шмидт,Солодовников В.В.,,,,,,,,,,,,,,,
204-11,NGC7006,21:00:26,16:08:27,,2h,,,,AZT-8,,,,,,,,,,,,,,,,
204-12,NGC884 (khi Per),02:17:58,57:04:38,,10m,,,,,,,,,,,,,,,,,,,,
205-1,,,,12-13.02.1965,,,,13x16,,,,,,,,,,,,,,,,,
205-2,,,,12-13.02.1965,,,,13x16,,,,,,,,,,,,,,,,,
205-3,NGC2068,,,12-13.02.1965,,,,13x16,,,,,,,,,,,,,,,,,
205-4,,,,12-13.02.1965,,,,,,,,,,,,,,,,,,,,,
205-3, C/1969 Y1(Bennett),,,30-31.03.1970,5m,,,,,,,,,,,,,,,,,,,,
205-5,,,,12-13.02.1965,,,,,,,,,,,,,,,,,,,,,